acc_ref,beat_no,severity,no_vehicle,no_casualt,a_date,a_day,a_date_day,a_date_mon,a_date_yr,a_time_hr,a_time_min,loc_auth,road1_class,road1_no,road_type,speed_limi,junc_det,junc_ctrl,road2_class,road2_no,light_cond,weather,road_surf,spec_cond,cway_hzrds,ovrtk_patrn,easting,northing,net_id,net_type,acc_type,text_id,division,Postcode,ped_xing_hc,ped_xing_p,place_reported
269310,,Slight,2,1,11/04/2010,Sunday,11,April,10,10,30,230,A,90,Single carriageway - 2 lanes,30,Crossroads,Automatic Traffic Signal,Unclassified,,Daylight: street lights present,Fine (without high winds),Dry,None,None,No overtaking,323770,674230,520464,Junction,Cyclist,353873,unset,EH43TP,No crossing facility within 50m or physical crossing facility not controlled by authorised person,No physical crossing facility within 50m,At scene
269510,,Slight,1,1,11/04/2010,Sunday,11,April,10,13,40,230,A,1140,Single carriageway - 2 lanes,30,Not at or within 20 metres of junction,unset,\,,Daylight: street lights present,Fine (without high winds),Dry,None,None,No overtaking,328430,674150,523368,Junction,Bus,353874,unset,EH87EH,No crossing facility within 50m or physical crossing facility not controlled by authorised person,No physical crossing facility within 50m,At scene
270110,,Slight,1,1,10/04/2010,Saturday,10,April,10,16,0,230,A,70,Single carriageway - 2 lanes,30,'T' or staggered junction,Give way sign or markings,Unclassified,,Daylight: street lights present,Fine (without high winds),Dry,None,None,No overtaking,322760,671610,522231,Junction,Pedestrian,353875,unset,EH141NY,No crossing facility within 50m or physical crossing facility not controlled by authorised person,No physical crossing facility within 50m,Elsewhere
270210,,Slight,2,1,11/04/2010,Sunday,11,April,10,13,30,230,A,8,Single carriageway - 2 lanes,30,'T' or staggered junction,Give way sign or markings,Unclassified,,Daylight: no street lighting,Fine (without high winds),Dry,None,None,No overtaking,320560,672820,521745,Junction,Cyclist,353876,unset,EH126JP,No crossing facility within 50m or physical crossing facility not controlled by authorised person,No physical crossing facility within 50m,At scene
272010,,Serious,2,1,12/04/2010,Monday,12,April,10,12,55,230,A,901,Single carriageway - 2 lanes,30,'T' or staggered junction,Give way sign or markings,Unclassified,,Daylight: street lights present,Fine (without high winds),Dry,None,None,No overtaking,326860,676010,531349,Junction,Cyclist,353877,unset,EH65HX,No crossing facility within 50m or physical crossing facility not controlled by authorised person,"Pelican, puffin, toucan or similar non-junction pedestrian light crossing",At scene
273110,,Serious,1,1,12/04/2010,Monday,12,April,10,11,48,230,A,71,Roundabout,40,Roundabout,Automatic Traffic Signal,A,71,Daylight: no street lighting,Other,Dry,None,None,No overtaking,318630,670430,2586683,Junction,Cyclist,353878,unset,EH144AW,No crossing facility within 50m or physical crossing facility not controlled by authorised person,No physical crossing facility within 50m,At scene
273810,,Slight,3,1,13/04/2010,Tuesday,13,April,10,12,45,230,B,6415,Single carriageway - 2 lanes,30,'T' or staggered junction,Give way sign or markings,Unclassified,,Daylight: street lights present,Fine (without high winds),Dry,None,None,No overtaking,330340,674080,523473,Junction,M.V.N.P.,353879,unset,EH151AN,No crossing facility within 50m or physical crossing facility not controlled by authorised person,Central refuge - no other controls,At scene
273910,,Slight,2,1,12/04/2010,Monday,12,April,10,12,30,230,Unclassified,,Single carriageway - 2 lanes,30,Crossroads,Give way sign or markings,Unclassified,,Daylight: street lights present,Fine (without high winds),Dry,None,None,No overtaking,323280,676730,12233130,Junction,T.V.N.P.,353880,unset,EH51NG,No crossing facility within 50m or physical crossing facility not controlled by authorised person,No physical crossing facility within 50m,At scene
274310,,Slight,2,1,13/04/2010,Tuesday,13,April,10,18,0,230,A,8,Roundabout,40,Roundabout,Automatic Traffic Signal,Unclassified,,Darkness: street lights present and lit,Fine (without high winds),Dry,None,None,No overtaking,317560,672570,9658425,Junction,T.V.N.P.,353881,unset,EH129BS,No crossing facility within 50m or physical crossing facility not controlled by authorised person,No physical crossing facility within 50m,At scene
274910,,Slight,3,1,13/04/2010,Tuesday,13,April,10,17,15,230,A,199,Single carriageway - 2 lanes,30,'T' or staggered junction,Automatic Traffic Signal,Unclassified,,Daylight: street lights present,Fine (without high winds),Dry,None,None,No overtaking,328790,675690,523248,Junction,M.V.N.P.,353882,unset,EH67LW,No crossing facility within 50m or physical crossing facility not controlled by authorised person,Pedestrian phase at traffic signal junction,At scene
275910,,Slight,2,1,14/04/2010,Wednesday,14,April,10,9,0,230,Unclassified,,Single carriageway - 2 lanes,30,Crossroads,Give way sign or markings,Unclassified,,Daylight: street lights present,Fine (without high winds),Dry,None,None,No overtaking,327620,674420,520743,Junction,Cyclist,353883,unset,EH76AE,No crossing facility within 50m or physical crossing facility not controlled by authorised person,Central refuge - no other controls,At scene
276010,,Slight,1,1,14/04/2010,Wednesday,14,April,10,9,0,230,A,1,Single carriageway - 2 lanes,30,Not at or within 20 metres of junction,unset,\,,Daylight: street lights present,Fine (without high winds),Dry,None,None,No overtaking,327590,674320,2106028,Segment,Bus,353884,unset,EH75TP,No crossing facility within 50m or physical crossing facility not controlled by authorised person,No physical crossing facility within 50m,Elsewhere
276110,,Slight,1,1,13/04/2010,Tuesday,13,April,10,18,40,230,Unclassified,,Single carriageway - 2 lanes,30,'T' or staggered junction,Give way sign or markings,Unclassified,,Daylight: street lights present,Fine (without high winds),Dry,None,None,No overtaking,312390,674160,517330,Junction,S.V.N.P.,353885,unset,EH299DY,Control by other authorised person,Central refuge - no other controls,Elsewhere
276810,,Slight,2,1,14/04/2010,Wednesday,14,April,10,17,30,230,Unclassified,,Single carriageway - 2 lanes,30,'T' or staggered junction,Give way sign or markings,Unclassified,,Daylight: no street lighting,Fine (without high winds),Dry,None,None,No overtaking,323800,670250,529993,Junction,T.V.N.P.,353886,unset,EH105QY,No crossing facility within 50m or physical crossing facility not controlled by authorised person,No physical crossing facility within 50m,At scene
279010,,Slight,2,1,15/04/2010,Thursday,15,April,10,17,50,230,Unclassified,,Single carriageway - 2 lanes,30,'T' or staggered junction,Give way sign or markings,A,901,Daylight: street lights present,Fine (without high winds),Dry,None,None,No overtaking,325000,676980,519037,Junction,T.V.N.P.,353887,unset,EH53BY,No crossing facility within 50m or physical crossing facility not controlled by authorised person,No physical crossing facility within 50m,At scene
279110,,Slight,2,1,15/04/2010,Thursday,15,April,10,20,25,230,C,,Single carriageway - 2 lanes,30,Not at or within 20 metres of junction,unset,\,,Daylight: no street lighting,Fine (without high winds),Dry,None,None,No overtaking,325330,674200,566762,Segment,T.V.N.P.,353888,unset,EH21JE,Control by other authorised person,"Pelican, puffin, toucan or similar non-junction pedestrian light crossing",At scene
280010,,Slight,2,1,15/04/2010,Thursday,15,April,10,13,45,230,A,702,Single carriageway - 2 lanes,30,Not at or within 20 metres of junction,unset,\,,Daylight: street lights present,Fine (without high winds),Dry,None,None,No overtaking,324540,671090,549078,Segment,T.V.N.P.,353889,unset,EH104RD,No crossing facility within 50m or physical crossing facility not controlled by authorised person,No physical crossing facility within 50m,Elsewhere
280910,,Slight,2,1,16/04/2010,Friday,16,April,10,7,50,230,C,,Single carriageway - 2 lanes,30,Not at or within 20 metres of junction,unset,\,,Daylight: street lights present,Fine (without high winds),Dry,None,None,No overtaking,325710,674320,566771,Segment,T.V.N.P.,353890,unset,EH13EP,Control by other authorised person,Pedestrian phase at traffic signal junction,Elsewhere
281710,,Slight,2,1,14/04/2010,Wednesday,14,April,10,18,15,230,A,8,Single carriageway - 2 lanes,30,Not at or within 20 metres of junction,unset,\,,Daylight: street lights present,Fine (without high winds),Dry,None,None,No overtaking,322770,673240,550586,Segment,T.V.N.P.,353891,unset,EH126DE,No crossing facility within 50m or physical crossing facility not controlled by authorised person,No physical crossing facility within 50m,At scene
281810,,Slight,2,1,16/04/2010,Friday,16,April,10,16,10,230,A,7,Single carriageway - 2 lanes,30,'T' or staggered junction,Automatic Traffic Signal,Unclassified,,Daylight: street lights present,Fine (without high winds),Dry,None,None,No overtaking,325990,673420,521589,Junction,Cyclist,353892,unset,EH11HR,Control by other authorised person,Pedestrian phase at traffic signal junction,At scene
282210,,Slight,1,1,17/04/2010,Saturday,17,April,10,18,40,230,Unclassified,,Single carriageway - 2 lanes,30,Not at or within 20 metres of junction,unset,\,,Daylight: street lights present,Fine (without high winds),Dry,None,None,No overtaking,322520,670230,554747,Segment,Bus,353893,unset,EH141DL,No crossing facility within 50m or physical crossing facility not controlled by authorised person,No physical crossing facility within 50m,At scene
284710,,Slight,2,2,16/04/2010,Friday,16,April,10,21,39,230,Unclassified,,Single carriageway - 2 lanes,30,'T' or staggered junction,Give way sign or markings,Unclassified,,Darkness: street lights present and lit,Fine (without high winds),Dry,None,None,No overtaking,326010,675940,10217442,Junction,T.V.N.P.,353894,unset,EH65QB,No crossing facility within 50m or physical crossing facility not controlled by authorised person,No physical crossing facility within 50m,At scene
285310,,Slight,2,1,18/04/2010,Sunday,18,April,10,15,10,230,A,8,Single carriageway - 2 lanes,30,Not at or within 20 metres of junction,unset,\,,Daylight: street lights present,Raining (without high winds),Dry,None,None,No overtaking,320010,672930,550692,Segment,T.V.N.P.,353895,unset,EH127SD,No crossing facility within 50m or physical crossing facility not controlled by authorised person,No physical crossing facility within 50m,Elsewhere
287510,,Slight,1,1,19/04/2010,Monday,19,April,10,17,28,230,Unclassified,,Single carriageway - 2 lanes,30,Roundabout,Give way sign or markings,Unclassified,,Daylight: street lights present,Fine (without high winds),Dry,None,None,No overtaking,319740,671450,9659167,Junction,Pedestrian,353896,unset,EH113UP,Control by other authorised person,Pedestrian phase at traffic signal junction,At scene
288010,,Slight,1,1,09/01/2010,Saturday,9,January,10,12,0,230,Unclassified,,Single carriageway - 2 lanes,30,Other junction,Give way sign or markings,Unclassified,,Daylight: street lighting unknown,Unknown,Dry,None,None,No overtaking,321540,675500,12285884,Junction,Pedestrian,344657,unset,EH44QT,No crossing facility within 50m or physical crossing facility not controlled by authorised person,No physical crossing facility within 50m,At scene
288110,,Slight,1,3,20/04/2010,Tuesday,20,April,10,1,0,230,Unclassified,,Single carriageway - 2 lanes,60,Not at or within 20 metres of junction,unset,\,,Darkness: street lights present and lit,Fine (without high winds),Dry,None,None,No overtaking,316680,664970,0,Unset,S.V.N.P.,353897,unset,EH147JU,No crossing facility within 50m or physical crossing facility not controlled by authorised person,No physical crossing facility within 50m,At scene
288410,,Slight,2,1,19/04/2010,Monday,19,April,10,9,56,230,A,900,Roundabout,30,Roundabout,Give way sign or markings,A,900,Daylight: no street lighting,Fine (without high winds),Dry,None,None,No overtaking,326130,674520,520242,Junction,Cyclist,353898,unset,EH13NH,Control by other authorised person,Pedestrian phase at traffic signal junction,At scene
289410,,Serious,2,1,20/04/2010,Tuesday,20,April,10,11,12,230,Unclassified,,Roundabout,30,Roundabout,Give way sign or markings,Unclassified,,Daylight: street lights present,Fine (without high winds),Dry,None,None,No overtaking,326910,673690,0,Unset,T.V.N.P.,353899,unset,EH88DX,No crossing facility within 50m or physical crossing facility not controlled by authorised person,Central refuge - no other controls,At scene
290210,,Slight,1,1,21/04/2010,Wednesday,21,April,10,13,39,230,A,7,Single carriageway - 2 lanes,30,Crossroads,Automatic Traffic Signal,Unclassified,,Daylight: street lights present,Fine (without high winds),Dry,None,None,No overtaking,326140,673070,521568,Junction,Bus,353900,unset,EH89DD,No crossing facility within 50m or physical crossing facility not controlled by authorised person,No physical crossing facility within 50m,At scene
290710,,Slight,2,2,15/04/2010,Thursday,15,April,10,18,25,230,Unclassified,,Single carriageway - 2 lanes,30,Not at or within 20 metres of junction,unset,\,,Daylight: street lights present,Fine (without high winds),Dry,None,None,No overtaking,321870,672180,0,Unset,T.V.N.P.,353901,unset,EH113BA,No crossing facility within 50m or physical crossing facility not controlled by authorised person,No physical crossing facility within 50m,Elsewhere
290910,,Slight,2,1,21/04/2010,Wednesday,21,April,10,15,30,230,B,6415,Single carriageway - 2 lanes,30,Crossroads,Automatic Traffic Signal,Unclassified,,Daylight: street lights present,Fine (without high winds),Dry,None,None,No overtaking,330510,673870,523602,Junction,Cyclist,353902,unset,EH151AF,Control by school crossing patrol,Pedestrian phase at traffic signal junction,Elsewhere
291010,,Slight,1,2,21/04/2010,Wednesday,21,April,10,8,10,230,A,90,Single carriageway - 2 lanes,30,'T' or staggered junction,Give way sign or markings,Unclassified,,Daylight: no street lighting,Fine (without high winds),Dry,None,None,No overtaking,323870,674230,520461,Junction,Pedestrian,353903,unset,EH43AP,Control by other authorised person,Central refuge - no other controls,At scene
291110,,Slight,2,2,21/04/2010,Wednesday,21,April,10,7,30,230,Unclassified,,Single carriageway - 2 lanes,30,Crossroads,Give way sign or markings,Unclassified,,Daylight: street lights present,Fine (without high winds),Dry,None,None,No overtaking,323370,677260,12227194,Junction,T.V.N.P.,353904,unset,EH51PN,No crossing facility within 50m or physical crossing facility not controlled by authorised person,No physical crossing facility within 50m,At scene
292710,,Slight,1,1,21/04/2010,Wednesday,21,April,10,4,0,230,A,701,Single carriageway - 2 lanes,30,Not at or within 20 metres of junction,unset,\,,Darkness: street lights present and lit,Fine (without high winds),Dry,None,Any animal in carriagway (except riden hors,No overtaking,327330,668150,570770,Segment,Bus,353905,unset,EH166PN,No crossing facility within 50m or physical crossing facility not controlled by authorised person,No physical crossing facility within 50m,At scene
294110,,Slight,2,1,21/04/2010,Wednesday,21,April,10,14,0,230,Unclassified,,Single carriageway - 2 lanes,30,Roundabout,Give way sign or markings,Unclassified,,Daylight: street lights present,Fine (without high winds),Dry,None,None,No overtaking,326500,676890,0,Unset,T.V.N.P.,353906,unset,EH66NL,No crossing facility within 50m or physical crossing facility not controlled by authorised person,No physical crossing facility within 50m,Elsewhere
294710,,Slight,1,1,18/04/2010,Sunday,18,April,10,19,55,230,A,900,Single carriageway - 2 lanes,30,Not at or within 20 metres of junction,unset,\,,Daylight: street lights present,Fine (without high winds),Dry,None,None,No overtaking,327170,676170,558461,Segment,Bus,353907,unset,EH67AE,Control by other authorised person,Central refuge - no other controls,Elsewhere
295110,,Slight,1,1,23/04/2010,Friday,23,April,10,2,0,230,A,900,Dual carriageway - 2 lanes,30,'T' or staggered junction,Automatic Traffic Signal,A,900,Darkness: street lights present and lit,Fine (without high winds),Dry,None,None,No overtaking,326110,674460,520659,Junction,S.V.N.P.,353908,unset,EH13AF,Control by other authorised person,Pedestrian phase at traffic signal junction,At scene
295810,,Slight,2,1,22/04/2010,Thursday,22,April,10,20,30,230,C,,Roundabout,40,Roundabout,Give way sign or markings,A,71,Darkness: street lights present and lit,Fine (without high winds),Dry,None,None,No overtaking,320740,671130,529504,Junction,T.V.N.P.,353909,unset,EH113PA,No crossing facility within 50m or physical crossing facility not controlled by authorised person,No physical crossing facility within 50m,Elsewhere
297710,,Slight,1,1,23/04/2010,Friday,23,April,10,17,30,230,A,7,Single carriageway - 2 lanes,30,Crossroads,Automatic Traffic Signal,C,,Daylight: street lights present,Fine (without high winds),Dry,None,None,No overtaking,325940,673650,521103,Junction,Pedestrian,353910,unset,EH11LL,Control by other authorised person,Pedestrian phase at traffic signal junction,At scene
298710,,Slight,1,1,24/04/2010,Saturday,24,April,10,18,50,230,A,90,One way Street,30,'T' or staggered junction,Give way sign or markings,Unclassified,,Daylight: street lights present,Fine (without high winds),Dry,None,None,No overtaking,324620,673890,520971,Junction,Bus,353911,unset,EH24DR,No crossing facility within 50m or physical crossing facility not controlled by authorised person,No physical crossing facility within 50m,Elsewhere
299210,,Slight,2,1,22/04/2010,Thursday,22,April,10,14,0,230,A,8,Roundabout,30,Roundabout,Automatic Traffic Signal,Unclassified,,Daylight: street lights present,Fine (without high winds),Dry,None,None,No overtaking,317560,672570,9658425,Junction,T.V.N.P.,353912,unset,EH129BS,No crossing facility within 50m or physical crossing facility not controlled by authorised person,No physical crossing facility within 50m,At scene
299310,,Slight,2,1,24/04/2010,Saturday,24,April,10,22,15,230,Unclassified,,Roundabout,30,Roundabout,Give way sign or markings,C,,Darkness: street lights present and lit,Fine (without high winds),Dry,None,None,No overtaking,322950,675750,519397,Junction,T.V.N.P.,353913,unset,EH52DG,No crossing facility within 50m or physical crossing facility not controlled by authorised person,No physical crossing facility within 50m,At scene
299410,,Slight,2,1,24/04/2010,Saturday,24,April,10,13,0,230,A,8,Single carriageway - 2 lanes,30,Other junction,Automatic Traffic Signal,Unclassified,,Daylight: street lights present,Fine (without high winds),Dry,None,None,No overtaking,324280,673390,521310,Junction,Bus,353914,unset,EH38HP,No crossing facility within 50m or physical crossing facility not controlled by authorised person,Pedestrian phase at traffic signal junction,At scene
300010,,Slight,2,1,24/04/2010,Saturday,24,April,10,17,0,230,Unclassified,,Single carriageway - 2 lanes,30,Crossroads,Automatic Traffic Signal,C,,Daylight: street lights present,Fine (without high winds),Dry,None,None,No overtaking,326900,674330,520689,Junction,Cyclist,353915,unset,EH75AN,Control by other authorised person,Central refuge - no other controls,At scene
300210,,Slight,1,1,25/04/2010,Sunday,25,April,10,12,35,230,Unclassified,,Single carriageway - 2 lanes,30,'T' or staggered junction,Give way sign or markings,Unclassified,,Daylight: street lights present,Fine (without high winds),Dry,None,None,No overtaking,327350,675040,12239017,Junction,Pedestrian,353916,unset,EH76BU,No crossing facility within 50m or physical crossing facility not controlled by authorised person,No physical crossing facility within 50m,At scene
302310,,Slight,1,1,24/04/2010,Saturday,24,April,10,13,20,230,B,6415,Single carriageway - 2 lanes,30,Not at or within 20 metres of junction,unset,\,,Daylight: street lights present,Fine (without high winds),Dry,None,None,No overtaking,330570,673830,563352,Segment,Bus,353917,unset,EH151EU,No crossing facility within 50m or physical crossing facility not controlled by authorised person,No physical crossing facility within 50m,Elsewhere
303010,,Slight,2,1,26/04/2010,Monday,26,April,10,8,5,230,B,701,Single carriageway - 2 lanes,30,Not at or within 20 metres of junction,unset,\,,Daylight: no street lighting,Fine (without high winds),Dry,None,None,No overtaking,319230,673600,551726,Segment,T.V.N.P.,353918,unset,EH128SZ,Control by other authorised person,Pedestrian phase at traffic signal junction,At scene
303510,,Slight,2,1,27/04/2010,Tuesday,27,April,10,11,15,230,Unclassified,,Single carriageway - 2 lanes,30,Crossroads,Automatic Traffic Signal,Unclassified,,Daylight: street lights present,Fine (without high winds),Dry,None,None,No overtaking,324600,673380,10254956,Junction,T.V.N.P.,353919,unset,EH12DA,Control by other authorised person,Pedestrian phase at traffic signal junction,At scene
303610,,Slight,2,1,27/04/2010,Tuesday,27,April,10,8,10,230,Unclassified,,Roundabout,30,Roundabout,Give way sign or markings,Unclassified,,Daylight: street lights present,Fine (without high winds),Dry,None,None,No overtaking,327910,674590,520323,Junction,Cyclist,353920,unset,EH76AP,No crossing facility within 50m or physical crossing facility not controlled by authorised person,No physical crossing facility within 50m,At scene
303910,,Slight,1,1,22/04/2010,Thursday,22,April,10,16,40,230,Unclassified,,Unknown,30,'T' or staggered junction,Give way sign or markings,Unclassified,,Daylight: street lights present,Fine (without high winds),Dry,None,None,No overtaking,325550,674000,520554,Junction,Pedestrian,353921,unset,EH22DF,Control by other authorised person,Pedestrian phase at traffic signal junction,Elsewhere
304810,,Slight,2,1,27/04/2010,Tuesday,27,April,10,11,50,230,C,,Dual carriageway - 2 lanes,30,Not at or within 20 metres of junction,unset,\,,Darkness: street lights present but unlit,Fine (without high winds),Dry,None,None,No overtaking,325270,674010,566570,Segment,T.V.N.P.,353922,unset,EH22LR,No crossing facility within 50m or physical crossing facility not controlled by authorised person,No physical crossing facility within 50m,At scene
305110,,Slight,1,1,27/04/2010,Tuesday,27,April,10,16,45,230,Unclassified,,Single carriageway - 2 lanes,30,Not at or within 20 metres of junction,unset,\,,Daylight: street lights present,Fine (without high winds),Dry,None,None,No overtaking,321040,675390,0,Unset,Pedestrian,353923,unset,EH45AN,No crossing facility within 50m or physical crossing facility not controlled by authorised person,No physical crossing facility within 50m,Elsewhere
307810,,Slight,2,1,28/04/2010,Wednesday,28,April,10,9,25,230,Unclassified,,Dual carriageway - 2 lanes,40,Not at or within 20 metres of junction,unset,\,,Daylight: street lights present,Fine (without high winds),Dry,None,None,No overtaking,317710,672440,9658643,Segment,T.V.N.P.,353924,unset,EH129DF,No crossing facility within 50m or physical crossing facility not controlled by authorised person,No physical crossing facility within 50m,Elsewhere
308710,,Slight,2,1,28/04/2010,Wednesday,28,April,10,7,40,230,C,,Single carriageway - 2 lanes,30,Crossroads,Automatic Traffic Signal,Unclassified,,Daylight: street lights present,Fine (without high winds),Dry,None,None,No overtaking,323340,674890,520071,Junction,Cyclist,353925,unset,EH41QL,Control by other authorised person,Pedestrian phase at traffic signal junction,At scene
309610,,Slight,2,1,29/04/2010,Thursday,29,April,10,12,10,230,A,8,Dual carriageway - 2 lanes,40,Not at or within 20 metres of junction,unset,\,,Daylight: street lights present,Fine (without high winds),Dry,None,None,No overtaking,317860,672710,9659466,Segment,T.V.N.P.,353926,unset,EH128ND,No crossing facility within 50m or physical crossing facility not controlled by authorised person,No physical crossing facility within 50m,At scene
309710,,Serious,1,1,29/04/2010,Thursday,29,April,10,8,0,230,B,900,Single carriageway - 2 lanes,30,Not at or within 20 metres of junction,unset,\,,Daylight: street lights present,Fine (without high winds),Dry,None,None,No overtaking,324460,674660,554192,Segment,Pedestrian,353927,unset,EH41HU,Control by other authorised person,"Pelican, puffin, toucan or similar non-junction pedestrian light crossing",At scene
312210,,Slight,2,1,27/04/2010,Tuesday,27,April,10,13,0,230,A,7,Single carriageway - 2 lanes,30,'T' or staggered junction,Automatic Traffic Signal,Unclassified,,Daylight: street lights present,Fine (without high winds),Dry,None,None,No overtaking,326000,673420,521589,Junction,Cyclist,353928,unset,EH11LL,Control by other authorised person,Pedestrian phase at traffic signal junction,At scene
313610,,Slight,2,1,30/04/2010,Friday,30,April,10,16,5,230,C,,Single carriageway - 2 lanes,30,Crossroads,Give way sign or markings,Unclassified,,Daylight: street lights present,Fine (without high winds),Dry,None,None,No overtaking,322420,670490,530467,Junction,Cyclist,353929,unset,EH141HZ,No crossing facility within 50m or physical crossing facility not controlled by authorised person,No physical crossing facility within 50m,At scene
314010,,Slight,2,1,30/04/2010,Friday,30,April,10,20,0,230,A,71,Single carriageway - 2 lanes,30,Crossroads,Automatic Traffic Signal,Unclassified,,Daylight: street lights present,Fine (without high winds),Dry,None,None,No overtaking,322300,671870,522219,Junction,T.V.N.P.,353930,unset,EH112RT,No crossing facility within 50m or physical crossing facility not controlled by authorised person,Pedestrian phase at traffic signal junction,At scene
314210,,Slight,2,1,26/04/2010,Monday,26,April,10,16,20,230,Unclassified,,Roundabout,30,Roundabout,Give way sign or markings,Unclassified,,Daylight: street lights present,Fine (without high winds),Dry,None,None,No overtaking,320180,669370,533248,Junction,T.V.N.P.,353931,unset,EH143AU,No crossing facility within 50m or physical crossing facility not controlled by authorised person,No physical crossing facility within 50m,At scene
314510,,Slight,3,2,01/05/2010,Saturday,1,May,10,14,30,230,A,901,Single carriageway - 2 lanes,30,Not at or within 20 metres of junction,unset,\,,Daylight: no street lighting,Fine (without high winds),Dry,None,None,No overtaking,326670,676240,558773,Segment,M.V.N.P.,337409,unset,EH65LJ,Control by other authorised person,Pedestrian phase at traffic signal junction,At scene
316710,,Slight,2,1,01/05/2010,Saturday,1,May,10,15,45,230,B,1350,Single carriageway - 2 lanes,30,Not at or within 20 metres of junction,unset,\,,Daylight: no street lighting,Fine (without high winds),Dry,None,None,No overtaking,326540,674480,557680,Segment,T.V.N.P.,337410,unset,EH75DX,No crossing facility within 50m or physical crossing facility not controlled by authorised person,No physical crossing facility within 50m,At scene
317910,,Slight,2,1,02/05/2010,Sunday,2,May,10,13,0,230,Unclassified,,Single carriageway - 2 lanes,30,Crossroads,Give way sign or markings,Unclassified,,Daylight: no street lighting,Fine (without high winds),Dry,None,None,No overtaking,326410,674660,12222024,Junction,Cyclist,337411,unset,EH75HY,Control by other authorised person,Pedestrian phase at traffic signal junction,At scene
318210,,Slight,2,2,02/05/2010,Sunday,2,May,10,19,29,230,Unclassified,,Single carriageway - 2 lanes,30,Crossroads,Give way sign or markings,Unclassified,,Daylight: no street lighting,Fine (without high winds),Dry,None,None,No overtaking,325520,671260,0,Unset,T.V.N.P.,337412,unset,EH92HF,No crossing facility within 50m or physical crossing facility not controlled by authorised person,No physical crossing facility within 50m,At scene
318310,,Slight,1,1,02/05/2010,Sunday,2,May,10,0,40,230,B,901,Roundabout,30,Roundabout,Give way sign or markings,C,,Darkness: street lights present and lit,Fine (without high winds),Dry,None,None,No overtaking,325720,674680,520206,Junction,Cyclist,337413,unset,EH36NB,No crossing facility within 50m or physical crossing facility not controlled by authorised person,No physical crossing facility within 50m,At scene
318410,,Slight,2,1,02/05/2010,Sunday,2,May,10,16,15,230,C,,Single carriageway - 2 lanes,30,Crossroads,Automatic Traffic Signal,Unclassified,,Daylight: street lights present,Fine (without high winds),Dry,None,None,No overtaking,323340,674890,520071,Junction,T.V.N.P.,337414,unset,EH41QL,No crossing facility within 50m or physical crossing facility not controlled by authorised person,"Pelican, puffin, toucan or similar non-junction pedestrian light crossing",At scene
318610,,Slight,1,2,02/05/2010,Sunday,2,May,10,8,40,230,Unclassified,,Single carriageway - 2 lanes,60,Not at or within 20 metres of junction,unset,\,,Daylight: no street lighting,Fine (without high winds),Dry,None,None,No overtaking,315370,671810,0,Unset,S.V.N.P.,337415,unset,EH288NN,No crossing facility within 50m or physical crossing facility not controlled by authorised person,No physical crossing facility within 50m,Elsewhere
318810,,Slight,1,1,02/05/2010,Sunday,2,May,10,15,10,230,A,7,Single carriageway - 2 lanes,30,Crossroads,Automatic Traffic Signal,C,,Daylight: street lights present,Fine (without high winds),Dry,None,None,No overtaking,325940,673670,521103,Junction,Bus,337416,unset,EH11SB,No crossing facility within 50m or physical crossing facility not controlled by authorised person,Pedestrian phase at traffic signal junction,Elsewhere
319810,,Slight,1,1,03/05/2010,Monday,3,May,10,16,0,230,Unclassified,,Unknown,20,Not at or within 20 metres of junction,unset,\,,Daylight: no street lighting,Fine (without high winds),Dry,None,None,No overtaking,324500,671200,0,Unset,Pedestrian,337417,unset,EH104QQ,No crossing facility within 50m or physical crossing facility not controlled by authorised person,No physical crossing facility within 50m,Elsewhere
320010,,Slight,2,2,03/05/2010,Monday,3,May,10,18,50,230,A,702,Single carriageway - 2 lanes,30,Not at or within 20 metres of junction,unset,\,,Daylight: no street lighting,Fine (without high winds),Dry,None,None,No overtaking,324780,673340,548964,Segment,T.V.N.P.,337418,unset,EH12EA,No crossing facility within 50m or physical crossing facility not controlled by authorised person,No physical crossing facility within 50m,At scene