acc_ref,beat_no,severity,no_vehicle,no_casualt,a_date,a_day,a_date_day,a_date_mon,a_date_yr,a_time_hr,a_time_min,loc_auth,road1_class,road1_no,road_type,speed_limi,junc_det,junc_ctrl,road2_class,road2_no,light_cond,weather,road_surf,spec_cond,cway_hzrds,ovrtk_patrn,easting,northing,net_id,net_type,acc_type,text_id,division,Postcode,ped_xing_hc,ped_xing_p,place_reported
379010,,Slight,2,1,26/05/2010,Wednesday,26,May,10,8,0,230,Unclassified,,Single carriageway - 2 lanes,30,Not at or within 20 metres of junction,unset,\,,Daylight: street lights present,Fine (without high winds),Dry,None,None,No overtaking,323550,674970,560030,Segment,Cyclist,337485,unset,EH41QL,No crossing facility within 50m or physical crossing facility not controlled by authorised person,No physical crossing facility within 50m,At scene
379610,,Slight,2,1,28/05/2010,Friday,28,May,10,14,30,230,A,6106,Single carriageway - 2 lanes,30,'T' or staggered junction,Give way sign or markings,Unclassified,,Daylight: street lights present,Fine (without high winds),Dry,None,None,No overtaking,330060,673760,529624,Junction,T.V.N.P.,337486,unset,EH151LU,No crossing facility within 50m or physical crossing facility not controlled by authorised person,No physical crossing facility within 50m,Elsewhere
380710,,Slight,2,3,26/05/2010,Wednesday,26,May,10,20,25,230,Unclassified,,Single carriageway - 2 lanes,30,Crossroads,Give way sign or markings,Unclassified,,Daylight: no street lighting,Raining (without high winds),Dry,None,None,No overtaking,323370,677260,12227194,Junction,T.V.N.P.,337487,unset,EH51PN,No crossing facility within 50m or physical crossing facility not controlled by authorised person,No physical crossing facility within 50m,At scene
380810,,Slight,1,1,27/05/2010,Thursday,27,May,10,15,18,230,Unclassified,,Single carriageway - 2 lanes,30,Not at or within 20 metres of junction,unset,\,,Daylight: street lights present,Fine (without high winds),Dry,None,None,No overtaking,327410,671790,12227950,Segment,Bus,337488,unset,EH165EE,No crossing facility within 50m or physical crossing facility not controlled by authorised person,No physical crossing facility within 50m,Elsewhere
381110,,Slight,1,1,29/05/2010,Saturday,29,May,10,12,32,230,A,8,Single carriageway - 2 lanes,30,Not at or within 20 metres of junction,unset,\,,Daylight: street lights present,Fine (without high winds),Dry,None,None,No overtaking,319920,672950,550689,Segment,Bus,337489,unset,EH128AX,No crossing facility within 50m or physical crossing facility not controlled by authorised person,No physical crossing facility within 50m,Elsewhere
381410,,Slight,2,1,29/05/2010,Saturday,29,May,10,12,45,230,Unclassified,,Single carriageway - 2 lanes,30,Other junction,Give way sign or markings,Unclassified,,Daylight: street lights present,Fine (without high winds),Dry,None,None,No overtaking,320330,675730,519328,Junction,T.V.N.P.,337490,unset,EH46AF,No crossing facility within 50m or physical crossing facility not controlled by authorised person,No physical crossing facility within 50m,Elsewhere
384210,,Slight,2,1,30/05/2010,Sunday,30,May,10,11,40,230,Unclassified,,Roundabout,30,Roundabout,Automatic Traffic Signal,Unclassified,,Daylight: no street lighting,Unknown,Dry,None,None,No overtaking,311800,674660,12230719,Junction,Cyclist,337491,unset,EH299ED,No crossing facility within 50m or physical crossing facility not controlled by authorised person,No physical crossing facility within 50m,Elsewhere
384710,,Slight,2,1,30/05/2010,Sunday,30,May,10,3,50,230,Unclassified,,Single carriageway - 2 lanes,30,Not at or within 20 metres of junction,unset,\,,Darkness: street lights present and lit,Raining (without high winds),Dry,None,None,No overtaking,323430,672220,561697,Segment,T.V.N.P.,337492,unset,EH111NX,No crossing facility within 50m or physical crossing facility not controlled by authorised person,No physical crossing facility within 50m,At scene
384810,,Slight,1,1,29/05/2010,Saturday,29,May,10,1,30,230,A,7,Single carriageway - 2 lanes,30,Crossroads,Automatic Traffic Signal,C,,Darkness: street lights present and lit,Fine (without high winds),Dry,None,None,No overtaking,325930,673670,521103,Junction,Pedestrian,337493,unset,EH11QN,Control by other authorised person,Pedestrian phase at traffic signal junction,At scene
384910,,Slight,3,1,30/05/2010,Sunday,30,May,10,11,10,230,A,90,Dual carriageway - 2 lanes,70,Not at or within 20 metres of junction,unset,\,,Daylight: street lights present,Fine (without high winds),Dry,None,None,No overtaking,315130,677140,555414,Segment,M.V.N.P.,337494,unset,EH309UA,No crossing facility within 50m or physical crossing facility not controlled by authorised person,No physical crossing facility within 50m,At scene
385410,,Slight,2,2,31/05/2010,Monday,31,May,10,16,10,230,Unclassified,,Single carriageway - 2 lanes,30,Crossroads,Give way sign or markings,Unclassified,,Daylight: street lights present,Fine (without high winds),Dry,None,None,No overtaking,320880,669060,0,Unset,T.V.N.P.,337495,unset,EH130LP,No crossing facility within 50m or physical crossing facility not controlled by authorised person,No physical crossing facility within 50m,At scene
386910,,Slight,1,1,01/06/2010,Tuesday,1,June,10,7,0,230,B,900,Single carriageway - 2 lanes,30,'T' or staggered junction,Give way sign or markings,Unclassified,,Daylight: street lights present,Raining (without high winds),Dry,None,None,No overtaking,324320,674680,520110,Junction,Pedestrian,361151,unset,EH41JH,Control by other authorised person,Pedestrian phase at traffic signal junction,Elsewhere
387110,,Serious,2,1,29/05/2010,Saturday,29,May,10,15,0,230,C,,Single carriageway - 2 lanes,30,'T' or staggered junction,Give way sign or markings,Unclassified,,Daylight: no street lighting,Fine (without high winds),Dry,None,None,No overtaking,325000,673290,521490,Junction,Cyclist,337496,unset,EH39DT,No crossing facility within 50m or physical crossing facility not controlled by authorised person,No physical crossing facility within 50m,At scene
387410,,Slight,2,1,29/05/2010,Saturday,29,May,10,18,40,230,A,901,Single carriageway - 2 lanes,30,'T' or staggered junction,Automatic Traffic Signal,A,901,Daylight: street lights present,Fine (without high winds),Dry,None,None,No overtaking,326450,676750,531307,Junction,T.V.N.P.,337497,unset,EH66PJ,Control by other authorised person,Pedestrian phase at traffic signal junction,Elsewhere
388910,,Slight,2,1,31/05/2010,Monday,31,May,10,18,5,230,Unclassified,,Single carriageway - 2 lanes,30,Crossroads,Give way sign or markings,Unclassified,,Daylight: street lights present,Fine (without high winds),Dry,None,None,No overtaking,325970,674960,0,Unset,Cyclist,337498,unset,EH74BB,No crossing facility within 50m or physical crossing facility not controlled by authorised person,No physical crossing facility within 50m,Elsewhere
389110,,Slight,1,1,01/06/2010,Tuesday,1,June,10,6,21,230,Unclassified,,Single carriageway - 2 lanes,30,Not at or within 20 metres of junction,unset,\,,Daylight: no street lighting,Fine (without high winds),Dry,None,None,No overtaking,329060,670290,0,Unset,Pedestrian,361152,unset,EH164SQ,No crossing facility within 50m or physical crossing facility not controlled by authorised person,No physical crossing facility within 50m,At scene
390410,,Slight,1,1,02/06/2010,Wednesday,2,June,10,10,0,230,B,900,Single carriageway - 2 lanes,30,'T' or staggered junction,Give way sign or markings,Unclassified,,Daylight: street lights present,Fine (without high winds),Dry,None,None,No overtaking,326460,675930,519469,Junction,Pedestrian,361153,unset,EH65NQ,Control by other authorised person,Pedestrian phase at traffic signal junction,Elsewhere
390610,,Slight,1,1,02/06/2010,Wednesday,2,June,10,11,25,230,Unclassified,,Dual carriageway - 2 lanes,30,Not at or within 20 metres of junction,unset,\,,Daylight: no street lighting,Fine (without high winds),Dry,Road suface defective,None,No overtaking,319140,671630,12232546,Segment,S.V.N.P.,361154,unset,EH129EB,No crossing facility within 50m or physical crossing facility not controlled by authorised person,No physical crossing facility within 50m,At scene
391210,,Slight,2,1,01/06/2010,Tuesday,1,June,10,18,50,230,Unclassified,,Roundabout,30,Mini-roundabout,Give way sign or markings,Unclassified,,Daylight: street lights present,Fine (without high winds),Dry,None,None,No overtaking,322570,669810,532855,Junction,T.V.N.P.,361155,unset,EH130PN,No crossing facility within 50m or physical crossing facility not controlled by authorised person,No physical crossing facility within 50m,At scene
392410,,Slight,1,1,02/06/2010,Wednesday,2,June,10,17,54,230,B,900,Single carriageway - 2 lanes,30,Not at or within 20 metres of junction,unset,\,,Daylight: street lights present,Fine (without high winds),Dry,None,None,No overtaking,325470,675100,554285,Segment,Pedestrian,361156,unset,EH74EB,Control by other authorised person,Pedestrian phase at traffic signal junction,At scene
392610,,Slight,1,1,02/06/2010,Wednesday,2,June,10,14,0,230,B,900,Single carriageway - 2 lanes,30,Crossroads,Automatic Traffic Signal,C,,Daylight: street lights present,Fine (without high winds),Dry,None,None,No overtaking,324560,674630,520152,Junction,Pedestrian,361157,unset,EH41LZ,Control by other authorised person,"Pelican, puffin, toucan or similar non-junction pedestrian light crossing",At scene
394210,,Slight,2,1,28/05/2010,Friday,28,May,10,17,45,230,B,6415,Single carriageway - 2 lanes,30,Not at or within 20 metres of junction,unset,\,,Daylight: no street lighting,Fine (without high winds),Dry,None,None,No overtaking,331510,673430,563355,Segment,T.V.N.P.,337499,unset,EH152ET,No crossing facility within 50m or physical crossing facility not controlled by authorised person,No physical crossing facility within 50m,At scene
394910,,Slight,1,1,18/05/2010,Tuesday,18,May,10,15,5,230,B,1350,Single carriageway - 2 lanes,30,Not at or within 20 metres of junction,unset,\,,Daylight: street lights present,Fine (without high winds),Dry,None,None,No overtaking,326230,674510,557671,Segment,Bus,337500,unset,EH75JW,No crossing facility within 50m or physical crossing facility not controlled by authorised person,"Pelican, puffin, toucan or similar non-junction pedestrian light crossing",At scene
395910,,Slight,1,1,04/06/2010,Friday,4,June,10,7,35,230,Unclassified,,Single carriageway - 2 lanes,30,Not at or within 20 metres of junction,unset,\,,Daylight: street lights present,Fine (without high winds),Dry,None,None,No overtaking,314790,673310,0,Unset,Pedestrian,361158,unset,EH129DN,No crossing facility within 50m or physical crossing facility not controlled by authorised person,No physical crossing facility within 50m,At scene
396010,,Slight,2,1,04/06/2010,Friday,4,June,10,7,55,230,A,8,Single carriageway - 2 lanes,30,Not at or within 20 metres of junction,unset,\,,Daylight: no street lighting,Fine (without high winds),Dry,None,None,No overtaking,320660,672810,550716,Segment,Cyclist,361159,unset,EH126TS,No crossing facility within 50m or physical crossing facility not controlled by authorised person,No physical crossing facility within 50m,At scene
396510,,Slight,2,1,04/03/2010,Thursday,4,March,10,16,15,230,Unclassified,,Single carriageway - 2 lanes,30,Not at or within 20 metres of junction,unset,\,,Daylight: street lights present,Fine (without high winds),Dry,None,None,No overtaking,330530,673310,0,Unset,T.V.N.P.,353757,unset,EH151JJ,No crossing facility within 50m or physical crossing facility not controlled by authorised person,No physical crossing facility within 50m,Elsewhere
396610,,Slight,1,1,04/06/2010,Friday,4,June,10,9,40,230,A,900,Single carriageway - 2 lanes,30,Not at or within 20 metres of junction,unset,\,,Daylight: street lights present,Fine (without high winds),Dry,None,None,No overtaking,327230,676290,558431,Segment,Pedestrian,361160,unset,EH67AF,No crossing facility within 50m or physical crossing facility not controlled by authorised person,No physical crossing facility within 50m,Elsewhere
396710,,Slight,2,3,04/06/2010,Friday,4,June,10,16,15,230,A,702,Single carriageway - 2 lanes,30,Not at or within 20 metres of junction,unset,\,,Daylight: street lights present,Fine (without high winds),Dry,None,None,No overtaking,324270,670030,549123,Segment,T.V.N.P.,361161,unset,EH106JB,No crossing facility within 50m or physical crossing facility not controlled by authorised person,No physical crossing facility within 50m,Elsewhere
396910,,Serious,2,1,04/06/2010,Friday,4,June,10,17,20,230,Unclassified,,Single carriageway - 2 lanes,30,'T' or staggered junction,Give way sign or markings,Unclassified,,Daylight: street lights present,Fine (without high winds),Dry,None,None,No overtaking,323570,671500,529597,Junction,T.V.N.P.,361162,unset,EH105BR,No crossing facility within 50m or physical crossing facility not controlled by authorised person,No physical crossing facility within 50m,At scene
397910,,Slight,2,1,04/06/2010,Friday,4,June,10,19,45,230,Unclassified,,Single carriageway - 2 lanes,30,Not at or within 20 metres of junction,unset,\,,Daylight: no street lighting,Fine (without high winds),Dry,None,None,No overtaking,319740,676330,557148,Segment,T.V.N.P.,361163,unset,EH46JH,No crossing facility within 50m or physical crossing facility not controlled by authorised person,No physical crossing facility within 50m,At scene
399310,,Slight,2,1,05/06/2010,Saturday,5,June,10,14,5,230,A,70,Single carriageway - 2 lanes,30,'T' or staggered junction,Give way sign or markings,Unclassified,,Daylight: street lights present,Fine (without high winds),Dry,None,None,No overtaking,323910,672940,521805,Junction,Cyclist,361164,unset,EH112AB,No crossing facility within 50m or physical crossing facility not controlled by authorised person,No physical crossing facility within 50m,Elsewhere
399810,,Slight,1,1,05/06/2010,Saturday,5,June,10,18,34,230,B,6415,Single carriageway - 2 lanes,30,'T' or staggered junction,Give way sign or markings,Unclassified,,Daylight: street lights present,Raining (without high winds),Dry,None,None,No overtaking,330360,674050,523470,Junction,S.V.N.P.,361165,unset,EH151AN,Control by other authorised person,No physical crossing facility within 50m,Elsewhere
400510,,Slight,1,1,05/06/2010,Saturday,5,June,10,19,44,230,C,,Single carriageway - 2 lanes,30,Not at or within 20 metres of junction,unset,\,,Daylight: street lights present,Raining (without high winds),Dry,None,None,No overtaking,320370,671960,564475,Segment,Pedestrian,361166,unset,EH127DU,No crossing facility within 50m or physical crossing facility not controlled by authorised person,No physical crossing facility within 50m,At scene
400710,,Slight,2,1,21/05/2010,Friday,21,May,10,14,57,230,B,701,Single carriageway - 2 lanes,30,Crossroads,Automatic Traffic Signal,B,701,Daylight: street lights present,Fine (without high winds),Dry,None,None,No overtaking,327380,668070,530284,Junction,Bus,337501,unset,EH178AE,Control by other authorised person,Pedestrian phase at traffic signal junction,Elsewhere
401410,,Serious,1,1,06/06/2010,Sunday,6,June,10,15,45,230,B,901,Single carriageway - 2 lanes,30,'T' or staggered junction,Automatic Traffic Signal,Unclassified,,Daylight: street lights present,Raining (without high winds),Dry,None,None,No overtaking,325220,675050,519825,Junction,Pedestrian,361167,unset,EH35LF,Control by other authorised person,Pedestrian phase at traffic signal junction,At scene
402910,,Slight,3,1,06/06/2010,Sunday,6,June,10,21,0,230,A,902,Single carriageway - 2 lanes,40,'T' or staggered junction,Give way sign or markings,A,90,Daylight: street lights present,Raining (without high winds),Dry,None,None,No overtaking,318570,674950,519960,Junction,M.V.N.P.,361168,unset,EH48DZ,No crossing facility within 50m or physical crossing facility not controlled by authorised person,Pedestrian phase at traffic signal junction,At scene
403610,,Slight,1,1,07/06/2010,Monday,7,June,10,7,24,230,A,8,Dual carriageway - 2 lanes,30,Other junction,Automatic Traffic Signal,C,,Daylight: no street lighting,Raining (without high winds),Dry,None,None,No overtaking,325220,673820,521037,Junction,Cyclist,361169,unset,EH22HG,No crossing facility within 50m or physical crossing facility not controlled by authorised person,Pedestrian phase at traffic signal junction,At scene
404110,,Slight,2,1,28/05/2010,Friday,28,May,10,10,50,230,A,720,Dual carriageway - 2 lanes,70,Roundabout,Automatic Traffic Signal,A,7,Daylight: street lights present,Fine (without high winds),Dry,None,None,No overtaking,331740,667970,2608104,Junction,T.V.N.P.,337502,unset,EH221RT,No crossing facility within 50m or physical crossing facility not controlled by authorised person,No physical crossing facility within 50m,At scene
405110,,Serious,1,1,07/06/2010,Monday,7,June,10,22,30,230,Unclassified,,Single carriageway - 2 lanes,30,'T' or staggered junction,Give way sign or markings,A,901,Daylight: street lights present,Fine (without high winds),Dry,None,None,No overtaking,326860,676010,531346,Junction,Pedestrian,361170,unset,EH65HX,No crossing facility within 50m or physical crossing facility not controlled by authorised person,Central refuge - no other controls,At scene
406510,,Slight,2,1,04/06/2010,Friday,4,June,10,21,15,230,Unclassified,,Single carriageway - 2 lanes,30,'T' or staggered junction,Give way sign or markings,Unclassified,,Daylight: street lights present,Raining (without high winds),Dry,None,None,No overtaking,326480,672710,532735,Junction,Cyclist,361171,unset,EH89QZ,No crossing facility within 50m or physical crossing facility not controlled by authorised person,No physical crossing facility within 50m,At scene
406610,,Slight,2,1,28/05/2010,Friday,28,May,10,15,0,230,C,,Single carriageway - 2 lanes,30,Crossroads,Automatic Traffic Signal,C,,Daylight: street lights present,Fine (without high winds),Dry,None,None,No overtaking,326890,674320,520689,Junction,T.V.N.P.,337503,unset,EH75AN,No crossing facility within 50m or physical crossing facility not controlled by authorised person,No physical crossing facility within 50m,At scene
406810,,Serious,2,2,08/06/2010,Tuesday,8,June,10,10,10,230,Unclassified,,Single carriageway - 2 lanes,30,'T' or staggered junction,Give way sign or markings,Unclassified,,Daylight: no street lighting,Fine (without high winds),Dry,None,None,No overtaking,314180,678210,3948107,Junction,T.V.N.P.,361172,unset,EH309TF,No crossing facility within 50m or physical crossing facility not controlled by authorised person,No physical crossing facility within 50m,At scene
406910,,Slight,2,3,07/06/2010,Monday,7,June,10,17,20,230,A,720,Single carriageway - 3 lanes,70,Roundabout,Give way sign or markings,A,702,Daylight: no street lighting,Raining (without high winds),Dry,None,None,No overtaking,324810,667700,522507,Junction,T.V.N.P.,361173,unset,EH107DUA,No crossing facility within 50m or physical crossing facility not controlled by authorised person,No physical crossing facility within 50m,At scene
407310,,Slight,1,1,08/06/2010,Tuesday,8,June,10,11,30,230,A,71,Dual carriageway - 2 lanes,40,Slip road,Give way sign or markings,Unclassified,,Daylight: no street lighting,Raining (without high winds),Dry,None,None,No overtaking,318730,670470,2307061,Junction,S.V.N.P.,361174,unset,EH144AW,No crossing facility within 50m or physical crossing facility not controlled by authorised person,"Pelican, puffin, toucan or similar non-junction pedestrian light crossing",At scene
407410,,Slight,2,2,08/06/2010,Tuesday,8,June,10,13,0,230,A,71,Single carriageway - 2 lanes,30,Not at or within 20 metres of junction,unset,\,,Daylight: no street lighting,Raining (without high winds),Dry,None,None,No overtaking,315130,669430,549647,Segment,T.V.N.P.,350413,unset,EH288NT,No crossing facility within 50m or physical crossing facility not controlled by authorised person,No physical crossing facility within 50m,At scene
407910,,Slight,2,1,02/06/2010,Wednesday,2,June,10,16,53,230,C,,Single carriageway - 2 lanes,30,Not at or within 20 metres of junction,unset,\,,Daylight: street lights present,Fine (without high winds),Dry,None,None,No overtaking,326550,673830,558221,Segment,Cyclist,361175,unset,EH88BP,Control by other authorised person,Zebra crossing,At scene
409110,,Slight,2,2,08/06/2010,Tuesday,8,June,10,13,15,230,C,,Roundabout,30,Roundabout,Give way sign or markings,A,71,Daylight: street lights present,Raining (without high winds),Dry,None,None,No overtaking,320710,671140,529507,Junction,T.V.N.P.,361176,unset,EH113RQ,No crossing facility within 50m or physical crossing facility not controlled by authorised person,No physical crossing facility within 50m,Elsewhere
409710,,Slight,2,1,23/05/2010,Sunday,23,May,10,23,15,230,Unclassified,,Single carriageway - 2 lanes,30,'T' or staggered junction,Give way sign or markings,Unclassified,,Darkness: street lights present and lit,Fine (without high winds),Dry,None,None,No overtaking,325510,673400,521553,Junction,Cyclist,337504,unset,EH12HH,No crossing facility within 50m or physical crossing facility not controlled by authorised person,"Pelican, puffin, toucan or similar non-junction pedestrian light crossing",Elsewhere
410510,,Serious,1,1,09/06/2010,Wednesday,9,June,10,8,10,230,C,,Single carriageway - 2 lanes,20,Not at or within 20 metres of junction,unset,\,,Daylight: street lights present,Raining (without high winds),Dry,None,None,No overtaking,327760,669730,553495,Segment,Pedestrian,361177,unset,EH166DY,No crossing facility within 50m or physical crossing facility not controlled by authorised person,No physical crossing facility within 50m,At scene
410610,,Slight,2,2,06/05/2010,Thursday,6,May,10,11,40,230,B,1350,Single carriageway - 2 lanes,30,'T' or staggered junction,Give way sign or markings,Unclassified,,Daylight: street lights present,Fine (without high winds),Dry,None,None,No overtaking,326270,674500,520233,Junction,T.V.N.P.,337505,unset,EH75DX,No crossing facility within 50m or physical crossing facility not controlled by authorised person,No physical crossing facility within 50m,At scene
412110,,Slight,2,1,22/05/2010,Saturday,22,May,10,16,10,230,C,,Single carriageway - 2 lanes,30,Crossroads,Automatic Traffic Signal,Unclassified,,Daylight: no street lighting,Fine (without high winds),Dry,None,None,No overtaking,326150,673700,521157,Junction,T.V.N.P.,337506,unset,EH11TB,Control by other authorised person,Pedestrian phase at traffic signal junction,At scene
412610,,Slight,2,1,09/06/2010,Wednesday,9,June,10,16,45,230,Unclassified,,Single carriageway - 2 lanes,30,'T' or staggered junction,Give way sign or markings,Unclassified,,Daylight: street lights present,Unknown,Dry,None,None,No overtaking,318620,670910,12232045,Junction,T.V.N.P.,361178,unset,EH114DW,No crossing facility within 50m or physical crossing facility not controlled by authorised person,No physical crossing facility within 50m,Elsewhere
413310,,Slight,1,1,18/05/2010,Tuesday,18,May,10,16,12,230,A,70,Single carriageway - 2 lanes,30,Not at or within 20 metres of junction,unset,\,,Daylight: street lights present,Fine (without high winds),Dry,None,None,No overtaking,319740,668550,561868,Segment,Bus,337507,unset,EH145EL,No crossing facility within 50m or physical crossing facility not controlled by authorised person,No physical crossing facility within 50m,Elsewhere
414410,,Slight,2,1,01/06/2010,Tuesday,1,June,10,8,34,230,A,8,Dual carriageway - 2 lanes,60,Not at or within 20 metres of junction,unset,\,,Daylight: street lights present,Raining (without high winds),Dry,None,None,No overtaking,315510,672360,550794,Segment,T.V.N.P.,361179,unset,EH288NQ,No crossing facility within 50m or physical crossing facility not controlled by authorised person,No physical crossing facility within 50m,At scene
414910,,Slight,1,1,10/06/2010,Thursday,10,June,10,15,25,230,Unclassified,,Single carriageway - 2 lanes,30,'T' or staggered junction,Give way sign or markings,A,70,Daylight: street lights present,Fine (without high winds),Dry,None,None,No overtaking,323750,672800,521796,Junction,Pedestrian,361180,unset,EH112JB,No crossing facility within 50m or physical crossing facility not controlled by authorised person,No physical crossing facility within 50m,At scene
415010,,Slight,1,1,10/06/2010,Thursday,10,June,10,16,40,230,A,720,Unknown,60,Not at or within 20 metres of junction,unset,\,,Daylight: street lighting unknown,Unknown,Dry,None,None,No overtaking,326990,666970,2588155,Segment,S.V.N.P.,361181,unset,EH209NR,No crossing facility within 50m or physical crossing facility not controlled by authorised person,No physical crossing facility within 50m,At scene
415910,,Serious,2,1,10/06/2010,Thursday,10,June,10,18,45,230,B,701,Single carriageway - 2 lanes,40,'T' or staggered junction,Give way sign or markings,Unclassified,,Daylight: street lights present,Fine (without high winds),Dry,None,None,No overtaking,326780,668020,533149,Junction,Cyclist,361182,unset,EH178RS,No crossing facility within 50m or physical crossing facility not controlled by authorised person,No physical crossing facility within 50m,At scene
416010,,Slight,2,1,10/06/2010,Thursday,10,June,10,18,0,230,C,,Single carriageway - 2 lanes,30,Not at or within 20 metres of junction,unset,\,,Daylight: street lights present,Fine (without high winds),Dry,None,None,No overtaking,321480,670960,564589,Segment,Cyclist,361183,unset,EH142BJ,No crossing facility within 50m or physical crossing facility not controlled by authorised person,No physical crossing facility within 50m,At scene
417110,,Slight,1,1,11/06/2010,Friday,11,June,10,13,30,230,A,772,Single carriageway - 2 lanes,30,Not at or within 20 metres of junction,unset,\,,Daylight: street lights present,Fine (without high winds),Dry,None,None,No overtaking,329030,668970,569390,Segment,Bus,361184,unset,EH178NQ,No crossing facility within 50m or physical crossing facility not controlled by authorised person,No physical crossing facility within 50m,At scene
417210,,Slight,2,1,11/06/2010,Friday,11,June,10,14,52,230,Unclassified,,Roundabout,30,Roundabout,Give way sign or markings,A,902,Daylight: street lights present,Fine with high winds,Dry,None,None,No overtaking,322920,675720,519406,Junction,T.V.N.P.,361185,unset,EH42PW,Control by other authorised person,"Pelican, puffin, toucan or similar non-junction pedestrian light crossing",At scene
417410,,Slight,1,1,11/06/2010,Friday,11,June,10,12,30,230,C,,One way Street,30,Crossroads,Automatic Traffic Signal,A,702,Daylight: street lights present,Fine (without high winds),Dry,None,None,No overtaking,324830,673070,521403,Junction,Pedestrian,361186,unset,EH39BN,Control by other authorised person,Pedestrian phase at traffic signal junction,At scene
417810,,Slight,2,1,08/06/2010,Tuesday,8,June,10,8,0,230,Unclassified,,Single carriageway - 2 lanes,40,Other junction,Give way sign or markings,Unclassified,,Daylight: street lights present,Other,Dry,None,None,No overtaking,312170,669530,12231740,Junction,T.V.N.P.,361187,unset,EH278BBA,No crossing facility within 50m or physical crossing facility not controlled by authorised person,No physical crossing facility within 50m,Elsewhere
419610,,Slight,2,1,11/06/2010,Friday,11,June,10,11,57,230,C,,Single carriageway - 2 lanes,30,Not at or within 20 metres of junction,unset,\,,Daylight: no street lighting,Fine (without high winds),Dry,None,None,No overtaking,325320,674080,566705,Segment,T.V.N.P.,361188,unset,EH21EL,No crossing facility within 50m or physical crossing facility not controlled by authorised person,No physical crossing facility within 50m,Elsewhere
419810,,Slight,1,1,12/06/2010,Saturday,12,June,10,11,25,230,C,,Single carriageway - 2 lanes,30,'T' or staggered junction,Give way sign or markings,Unclassified,,Daylight: no street lighting,Fine (without high winds),Dry,None,None,No overtaking,325920,673480,521565,Junction,Pedestrian,361189,unset,EH11JJ,No crossing facility within 50m or physical crossing facility not controlled by authorised person,Pedestrian phase at traffic signal junction,At scene
420210,,Fatal,2,2,12/06/2010,Saturday,12,June,10,14,0,230,Unclassified,,Single carriageway - 2 lanes,60,Not at or within 20 metres of junction,unset,\,,Daylight: no street lighting,Fine (without high winds),Dry,None,None,No overtaking,311580,674750,12230591,Segment,Cyclist,361190,unset,EH299EF,No crossing facility within 50m or physical crossing facility not controlled by authorised person,No physical crossing facility within 50m,At scene
420310,,Slight,1,1,12/06/2010,Saturday,12,June,10,11,0,230,Unclassified,,Dual carriageway - 2 lanes,30,Not at or within 20 metres of junction,unset,\,,Daylight: street lights present,Fine (without high winds),Dry,None,None,No overtaking,325540,673920,551196,Segment,Pedestrian,361191,unset,EH22DF,Control by other authorised person,Pedestrian phase at traffic signal junction,Elsewhere
420610,,Slight,1,1,01/06/2010,Tuesday,1,June,10,13,20,230,C,,Single carriageway - 2 lanes,30,Not at or within 20 metres of junction,unset,\,,Daylight: street lights present,Fine (without high winds),Dry,None,None,No overtaking,327980,669890,553480,Segment,Pedestrian,361192,unset,EH166BR,No crossing facility within 50m or physical crossing facility not controlled by authorised person,No physical crossing facility within 50m,At scene
420810,,Slight,2,1,12/06/2010,Saturday,12,June,10,19,30,230,A,199,Single carriageway - 2 lanes,30,'T' or staggered junction,Give way sign or markings,Unclassified,,Daylight: no street lighting,Fine (without high winds),Dry,None,None,No overtaking,326830,676630,531337,Junction,T.V.N.P.,361193,unset,EH66EP,No crossing facility within 50m or physical crossing facility not controlled by authorised person,No physical crossing facility within 50m,At scene
420910,,Slight,1,1,13/06/2010,Sunday,13,June,10,1,30,230,Unclassified,,Single carriageway - 2 lanes,30,Not at or within 20 metres of junction,unset,\,,Darkness: street lights present and lit,Fine (without high winds),Dry,None,None,No overtaking,323880,676580,570129,Segment,S.V.N.P.,361194,unset,EH52BJ,No crossing facility within 50m or physical crossing facility not controlled by authorised person,No physical crossing facility within 50m,At scene