acc_ref,beat_no,severity,no_vehicle,no_casualt,a_date,a_day,a_date_day,a_date_mon,a_date_yr,a_time_hr,a_time_min,loc_auth,road1_class,road1_no,road_type,speed_limi,junc_det,junc_ctrl,road2_class,road2_no,light_cond,weather,road_surf,spec_cond,cway_hzrds,ovrtk_patrn,easting,northing,net_id,net_type,acc_type,text_id,division,Postcode,ped_xing_hc,ped_xing_p,place_reported
423610,,Slight,2,1,13/06/2010,Sunday,13,June,10,18,47,230,A,8000,Roundabout,30,Roundabout,Give way sign or markings,Unclassified,,Daylight: street lights present,Fine (without high winds),Dry,None,None,No overtaking,312920,677600,10292768,Junction,T.V.N.P.,361195,unset,EH309PA,Control by other authorised person,Pedestrian phase at traffic signal junction,At scene
425510,,Slight,1,1,12/06/2010,Saturday,12,June,10,10,0,230,Unclassified,,Single carriageway - 2 lanes,40,Not at or within 20 metres of junction,unset,\,,Daylight: street lights present,Fine (without high winds),Dry,Road suface defective,Other object in carriageway,No overtaking,329100,673770,558104,Segment,Cyclist,361196,unset,EH87PL,No crossing facility within 50m or physical crossing facility not controlled by authorised person,Pedestrian phase at traffic signal junction,At scene
426110,,Slight,2,1,13/06/2010,Sunday,13,June,10,14,36,230,A,199,Single carriageway - 2 lanes,30,'T' or staggered junction,Give way sign or markings,Unclassified,,Daylight: street lights present,Fine (without high winds),Dry,None,None,No overtaking,326810,676630,531337,Junction,T.V.N.P.,361197,unset,EH66JD,No crossing facility within 50m or physical crossing facility not controlled by authorised person,"Pelican, puffin, toucan or similar non-junction pedestrian light crossing",At scene
426310,,Slight,2,1,14/06/2010,Monday,14,June,10,11,47,230,A,720,Dual carriageway - 2 lanes,70,Not at or within 20 metres of junction,unset,\,,Daylight: street lights present,Fine (without high winds),Dry,None,None,No overtaking,320260,669010,570543,Segment,T.V.N.P.,361198,unset,EH145BP,No crossing facility within 50m or physical crossing facility not controlled by authorised person,No physical crossing facility within 50m,At scene
427010,,Serious,2,1,15/06/2010,Tuesday,15,June,10,8,30,230,C,,Single carriageway - 2 lanes,30,Crossroads,Give way sign or markings,Unclassified,,Daylight: street lights present,Fine (without high winds),Dry,None,None,No overtaking,327030,675220,519900,Junction,Cyclist,361199,unset,EH68RT,No crossing facility within 50m or physical crossing facility not controlled by authorised person,No physical crossing facility within 50m,At scene
427310,,Slight,2,1,15/06/2010,Tuesday,15,June,10,13,0,230,A,902,Single carriageway - 2 lanes,40,Not at or within 20 metres of junction,unset,\,,Daylight: street lights present,Fine (without high winds),Dry,None,None,No overtaking,318110,672940,566096,Segment,T.V.N.P.,361200,unset,EH128LA,No crossing facility within 50m or physical crossing facility not controlled by authorised person,No physical crossing facility within 50m,At scene
428010,,Slight,1,1,15/06/2010,Tuesday,15,June,10,8,30,230,Unclassified,,Single carriageway - 2 lanes,30,Not at or within 20 metres of junction,unset,\,,Daylight: street lights present,Fine (without high winds),Dry,None,None,No overtaking,312150,672620,12231263,Segment,S.V.N.P.,350563,unset,EH288SS,No crossing facility within 50m or physical crossing facility not controlled by authorised person,No physical crossing facility within 50m,Elsewhere
428210,,Slight,2,1,15/06/2010,Tuesday,15,June,10,18,9,230,A,900,Single carriageway - 2 lanes,30,Not at or within 20 metres of junction,unset,\,,Daylight: street lights present,Fine (without high winds),Dry,None,None,No overtaking,326730,675430,558479,Segment,T.V.N.P.,361201,unset,EH68NY,No crossing facility within 50m or physical crossing facility not controlled by authorised person,No physical crossing facility within 50m,At scene
429310,,Slight,1,1,15/06/2010,Tuesday,15,June,10,18,40,230,A,1140,Single carriageway - 2 lanes,30,'T' or staggered junction,Give way sign or markings,Unclassified,,Daylight: street lights present,Fine (without high winds),Dry,None,None,No overtaking,329050,674250,523440,Junction,Bus,361202,unset,EH76RS,No crossing facility within 50m or physical crossing facility not controlled by authorised person,No physical crossing facility within 50m,Elsewhere
430110,,Slight,1,1,16/06/2010,Wednesday,16,June,10,15,10,230,Unclassified,,Single carriageway - 2 lanes,30,'T' or staggered junction,Give way sign or markings,Unclassified,,Daylight: street lights present,Fine (without high winds),Dry,None,None,No overtaking,323510,676540,522864,Junction,Pedestrian,361203,unset,EH52DA,No crossing facility within 50m or physical crossing facility not controlled by authorised person,No physical crossing facility within 50m,At scene
431510,,Slight,2,1,17/06/2010,Thursday,17,June,10,13,35,230,Unclassified,,Dual carriageway - 2 lanes,40,Not at or within 20 metres of junction,unset,\,,Daylight: street lights present,Fine (without high winds),Dry,None,None,No overtaking,312770,672650,550499,Segment,T.V.N.P.,361204,unset,EH288LH,No crossing facility within 50m or physical crossing facility not controlled by authorised person,No physical crossing facility within 50m,At scene
432310,,Slight,2,1,17/06/2010,Thursday,17,June,10,19,20,230,A,900,Dual carriageway - 2 lanes,30,Roundabout,Give way sign or markings,Unclassified,,Daylight: street lights present,Fine (without high winds),Dry,None,None,No overtaking,326120,674500,520242,Junction,Bus,361205,unset,EH13NH,Control by other authorised person,"Pelican, puffin, toucan or similar non-junction pedestrian light crossing",At scene
435810,,Slight,1,1,19/06/2010,Saturday,19,June,10,0,10,230,A,1,Single carriageway - 2 lanes,30,Crossroads,Automatic Traffic Signal,A,1,Darkness: street lights present and lit,Fine (without high winds),Dry,None,None,No overtaking,328320,674140,523374,Junction,Pedestrian,361206,unset,EH87AB,No crossing facility within 50m or physical crossing facility not controlled by authorised person,No physical crossing facility within 50m,At scene
437810,,Slight,1,1,19/06/2010,Saturday,19,June,10,22,45,230,A,7,Single carriageway - 2 lanes,30,Crossroads,Automatic Traffic Signal,Unclassified,,Daylight: street lights present,Fine (without high winds),Dry,None,None,No overtaking,325950,673630,521103,Junction,Pedestrian,361207,unset,EH11LL,Control by other authorised person,Pedestrian phase at traffic signal junction,Elsewhere
437910,,Slight,3,1,19/06/2010,Saturday,19,June,10,19,30,230,Unclassified,,Single carriageway - 2 lanes,30,Not at or within 20 metres of junction,unset,\,,Daylight: street lights present,Fine (without high winds),Dry,None,None,No overtaking,321160,674370,565685,Segment,M.V.N.P.,361208,unset,EH43PE,No crossing facility within 50m or physical crossing facility not controlled by authorised person,No physical crossing facility within 50m,At scene
440310,,Serious,1,1,21/06/2010,Monday,21,June,10,11,15,230,A,8,Unknown,30,Not at or within 20 metres of junction,unset,\,,Daylight: street lighting unknown,Fine (without high winds),Dry,None,None,No overtaking,320650,672810,550716,Segment,S.V.N.P.,361209,unset,EH126TS,No crossing facility within 50m or physical crossing facility not controlled by authorised person,No physical crossing facility within 50m,Elsewhere
441810,,Slight,1,1,22/06/2010,Tuesday,22,June,10,4,45,230,A,901,Single carriageway - 2 lanes,30,Not at or within 20 metres of junction,unset,\,,Daylight: no street lighting,Fine (without high winds),Dry,None,None,No overtaking,326000,676940,558755,Segment,S.V.N.P.,361210,unset,EH64JG,No crossing facility within 50m or physical crossing facility not controlled by authorised person,No physical crossing facility within 50m,At scene
442310,,Slight,2,1,22/06/2010,Tuesday,22,June,10,7,50,230,A,720,Dual carriageway - 2 lanes,60,Not at or within 20 metres of junction,unset,\,,Daylight: no street lighting,Fine (without high winds),Dry,None,None,No overtaking,323840,667970,570534,Segment,T.V.N.P.,361211,unset,EH107DS,No crossing facility within 50m or physical crossing facility not controlled by authorised person,No physical crossing facility within 50m,Elsewhere
443210,,Slight,2,1,25/05/2010,Tuesday,25,May,10,11,55,230,B,701,Dual carriageway - 2 lanes,40,'T' or staggered junction,Automatic Traffic Signal,Unclassified,,Daylight: street lights present,Fine (without high winds),Dry,None,None,No overtaking,319620,669920,12201408,Junction,T.V.N.P.,337508,unset,EH142RU,Control by other authorised person,"Pelican, puffin, toucan or similar non-junction pedestrian light crossing",At scene
444310,,Slight,1,1,23/06/2010,Wednesday,23,June,10,0,20,230,A,90,Single carriageway - 2 lanes,30,'T' or staggered junction,Automatic Traffic Signal,A,8,Darkness: street lights present and lit,Fine (without high winds),Dry,None,None,No overtaking,324790,673730,520932,Junction,Cyclist,361212,unset,EH24AX,No crossing facility within 50m or physical crossing facility not controlled by authorised person,"Pelican, puffin, toucan or similar non-junction pedestrian light crossing",At scene
445110,,Slight,2,1,21/06/2010,Monday,21,June,10,20,25,230,A,71,Single carriageway - 2 lanes,50,'T' or staggered junction,Give way sign or markings,Unclassified,,Daylight: street lights present,Fine (without high winds),Dry,None,None,No overtaking,314560,669180,517744,Junction,T.V.N.P.,361213,unset,EH278EB,No crossing facility within 50m or physical crossing facility not controlled by authorised person,No physical crossing facility within 50m,At scene
445210,,Serious,1,1,18/06/2010,Friday,18,June,10,13,0,230,C,,Single carriageway - 2 lanes,30,'T' or staggered junction,Give way sign or markings,Unclassified,,Daylight: street lights present,Fine (without high winds),Dry,None,None,No overtaking,326200,672500,532732,Junction,Pedestrian,361214,unset,EH91ND,No crossing facility within 50m or physical crossing facility not controlled by authorised person,No physical crossing facility within 50m,At scene
446110,,Slight,2,1,23/06/2010,Wednesday,23,June,10,8,45,230,C,,Single carriageway - 2 lanes,30,Not at or within 20 metres of junction,unset,\,,Daylight: street lights present,Fine (without high winds),Dry,None,None,No overtaking,325990,672080,566264,Segment,T.V.N.P.,361215,unset,EH91UF,Control by school crossing patrol,Pedestrian phase at traffic signal junction,At scene
446610,,Serious,3,1,23/06/2010,Wednesday,23,June,10,8,10,230,A,7,Single carriageway - 2 lanes,30,'T' or staggered junction,Give way sign or markings,Unclassified,,Daylight: street lights present,Fine (without high winds),Dry,None,None,No overtaking,328210,670660,530083,Junction,M.V.N.P.,361216,unset,EH165RH,Control by other authorised person,"Pelican, puffin, toucan or similar non-junction pedestrian light crossing",At scene
447110,,Slight,2,1,23/06/2010,Wednesday,23,June,10,9,20,230,Unclassified,,Single carriageway - 2 lanes,30,'T' or staggered junction,Automatic Traffic Signal,A,702,Daylight: street lights present,Fine (without high winds),Dry,None,None,No overtaking,324500,671930,522291,Junction,T.V.N.P.,361217,unset,EH104DH,Control by other authorised person,Pedestrian phase at traffic signal junction,Elsewhere
447210,,Slight,2,1,23/06/2010,Wednesday,23,June,10,14,30,230,C,,Single carriageway - 2 lanes,30,'T' or staggered junction,Automatic Traffic Signal,C,,Daylight: street lights present,Fine (without high winds),Dry,None,None,No overtaking,325930,674380,520599,Junction,Bus,361218,unset,EH13JG,Control by other authorised person,Pedestrian phase at traffic signal junction,Elsewhere
447310,,Slight,2,1,23/06/2010,Wednesday,23,June,10,14,20,230,A,900,Single carriageway - 2 lanes,30,Not at or within 20 metres of junction,unset,\,,Daylight: street lights present,Fine (without high winds),Dry,None,None,No overtaking,327010,675940,558521,Segment,T.V.N.P.,361219,unset,EH67AA,No crossing facility within 50m or physical crossing facility not controlled by authorised person,No physical crossing facility within 50m,Elsewhere
447410,,Serious,1,1,23/06/2010,Wednesday,23,June,10,15,15,230,C,,Single carriageway - 2 lanes,30,Crossroads,Automatic Traffic Signal,Unclassified,,Daylight: street lights present,Fine (without high winds),Dry,None,None,No overtaking,325170,673890,521058,Junction,Pedestrian,361220,unset,EH22HB,Control by other authorised person,Pedestrian phase at traffic signal junction,At scene
448110,,Slight,2,1,23/06/2010,Wednesday,23,June,10,20,30,230,A,7,Single carriageway - 2 lanes,30,'T' or staggered junction,Give way sign or markings,Unclassified,,Daylight: street lights present,Fine (without high winds),Dry,None,None,No overtaking,325950,673600,521106,Junction,T.V.N.P.,361221,unset,EH11HN,Control by other authorised person,"Pelican, puffin, toucan or similar non-junction pedestrian light crossing",At scene
448210,,Slight,3,1,18/06/2010,Friday,18,June,10,14,20,230,C,,Single carriageway - 2 lanes,30,Not at or within 20 metres of junction,unset,\,,Daylight: street lights present,Fine (without high winds),Dry,None,None,No overtaking,325430,674240,566762,Segment,M.V.N.P.,361222,unset,EH21JX,No crossing facility within 50m or physical crossing facility not controlled by authorised person,No physical crossing facility within 50m,At scene
448310,,Slight,2,1,22/06/2010,Tuesday,22,June,10,19,25,230,Unclassified,,Single carriageway - 2 lanes,30,Other junction,Give way sign or markings,Unclassified,,Daylight: no street lighting,Fine (without high winds),Dry,None,None,No overtaking,322560,675810,0,Unset,Cyclist,361223,unset,EH44BE,No crossing facility within 50m or physical crossing facility not controlled by authorised person,No physical crossing facility within 50m,At scene
449110,,Slight,3,1,24/06/2010,Thursday,24,June,10,8,20,230,A,772,Single carriageway - 2 lanes,20,Not at or within 20 metres of junction,unset,\,,Daylight: street lights present,Fine (without high winds),Dry,None,None,No overtaking,327230,670710,569303,Segment,M.V.N.P.,361224,unset,EH165TY,Control by other authorised person,Pedestrian phase at traffic signal junction,Elsewhere
450310,,Slight,1,1,24/06/2010,Thursday,24,June,10,9,0,230,Unclassified,,Single carriageway - 2 lanes,30,'T' or staggered junction,Give way sign or markings,Unclassified,,Daylight: street lights present,Fine (without high winds),Dry,None,None,No overtaking,325370,676730,10310007,Junction,Cyclist,361225,unset,EH53BJ,No crossing facility within 50m or physical crossing facility not controlled by authorised person,No physical crossing facility within 50m,At scene
450710,,Slight,1,1,22/06/2010,Tuesday,22,June,10,8,55,230,Unclassified,,Single carriageway - 2 lanes,30,Multiple junction,Give way sign or markings,Unclassified,,Daylight: street lights present,Fine (without high winds),Dry,None,None,No overtaking,322050,675520,12233423,Junction,Pedestrian,361226,unset,EH42RG,No crossing facility within 50m or physical crossing facility not controlled by authorised person,No physical crossing facility within 50m,At scene
452610,,Slight,1,1,25/06/2010,Friday,25,June,10,12,30,230,A,702,Single carriageway - 2 lanes,30,'T' or staggered junction,Give way sign or markings,Unclassified,,Daylight: street lights present,Fine (without high winds),Dry,None,None,No overtaking,324460,670720,529795,Junction,Pedestrian,361227,unset,EH106AB,No crossing facility within 50m or physical crossing facility not controlled by authorised person,No physical crossing facility within 50m,At scene
453310,,Slight,2,1,25/06/2010,Friday,25,June,10,17,30,230,Unclassified,,Single carriageway - 2 lanes,30,Other junction,Give way sign or markings,Unclassified,,Daylight: street lights present,Fine (without high winds),Dry,None,None,No overtaking,321980,668750,0,Unset,Cyclist,361228,unset,EH130BH,No crossing facility within 50m or physical crossing facility not controlled by authorised person,No physical crossing facility within 50m,Elsewhere
455510,,Slight,2,1,21/06/2010,Monday,21,June,10,15,20,230,A,90,Dual carriageway - 2 lanes,50,Not at or within 20 metres of junction,unset,\,,Daylight: street lighting unknown,Fine (without high winds),Dry,None,None,No overtaking,312850,677250,555684,Segment,T.V.N.P.,361229,unset,EH309SS,No crossing facility within 50m or physical crossing facility not controlled by authorised person,No physical crossing facility within 50m,Elsewhere
456110,,Slight,2,1,27/06/2010,Sunday,27,June,10,10,40,230,A,8,Roundabout,30,Roundabout,Automatic Traffic Signal,Unclassified,,Daylight: street lights present,Fine (without high winds),Dry,None,None,No overtaking,317560,672610,9658421,Junction,T.V.N.P.,361230,unset,EH129BS,No crossing facility within 50m or physical crossing facility not controlled by authorised person,No physical crossing facility within 50m,Elsewhere
456310,,Slight,2,2,27/06/2010,Sunday,27,June,10,18,15,230,Unclassified,,Single carriageway - 2 lanes,30,Not at or within 20 metres of junction,unset,\,,Daylight: street lights present,Fine (without high winds),Dry,None,None,No overtaking,320640,676130,557318,Segment,T.V.N.P.,361231,unset,EH45EX,No crossing facility within 50m or physical crossing facility not controlled by authorised person,No physical crossing facility within 50m,At scene
456410,,Slight,1,2,27/06/2010,Sunday,27,June,10,20,20,230,A,901,Single carriageway - 2 lanes,30,'T' or staggered junction,Give way sign or markings,Unclassified,,Daylight: street lights present,Fine (without high winds),Dry,None,None,No overtaking,326630,676290,531370,Junction,Pedestrian,361232,unset,EH66TG,No crossing facility within 50m or physical crossing facility not controlled by authorised person,No physical crossing facility within 50m,Elsewhere
456510,,Slight,1,1,27/06/2010,Sunday,27,June,10,5,0,230,A,90,Single carriageway - 2 lanes,40,Not at or within 20 metres of junction,unset,\,,Daylight: street lights present,Fine (without high winds),Dry,None,None,No overtaking,320530,675140,555456,Segment,S.V.N.P.,361233,unset,EH46AH,No crossing facility within 50m or physical crossing facility not controlled by authorised person,No physical crossing facility within 50m,At scene
456610,,Serious,3,1,25/06/2010,Friday,25,June,10,22,30,230,Unclassified,,Single carriageway - 2 lanes,30,Not at or within 20 metres of junction,unset,\,,Darkness: street lights present and lit,Fine (without high winds),Dry,None,None,No overtaking,324210,671700,559388,Segment,M.V.N.P.,361234,unset,EH105EN,No crossing facility within 50m or physical crossing facility not controlled by authorised person,No physical crossing facility within 50m,At scene
460110,,Slight,2,1,28/06/2010,Monday,28,June,10,20,30,230,C,,Single carriageway - 2 lanes,30,Not at or within 20 metres of junction,unset,\,,Daylight: street lights present,Fine (without high winds),Dry,Road works present,None,No overtaking,322740,672750,559290,Segment,T.V.N.P.,361235,unset,EH125NZ,No crossing facility within 50m or physical crossing facility not controlled by authorised person,No physical crossing facility within 50m,At scene
460410,,Slight,2,1,28/06/2010,Monday,28,June,10,16,45,230,A,6095,Single carriageway - 2 lanes,30,Roundabout,Give way sign or markings,Unclassified,,Daylight: no street lighting,Fine (without high winds),Dry,None,None,No overtaking,331030,671650,530053,Junction,T.V.N.P.,361236,unset,EH153HP,No crossing facility within 50m or physical crossing facility not controlled by authorised person,No physical crossing facility within 50m,At scene
462010,,Slight,1,1,28/06/2010,Monday,28,June,10,18,15,230,B,701,Dual carriageway - 2 lanes,30,Not at or within 20 metres of junction,unset,\,,Daylight: street lights present,Raining (without high winds),Dry,None,None,No overtaking,319680,669790,551624,Segment,Bus,361237,unset,EH142SW,Control by other authorised person,Central refuge - no other controls,Elsewhere
462110,,Slight,2,1,29/06/2010,Tuesday,29,June,10,12,20,230,C,,Dual carriageway - 2 lanes,30,Crossroads,Give way sign or markings,Unclassified,,Daylight: street lights present,Fine (without high winds),Dry,None,None,No overtaking,321900,676200,519118,Junction,Cyclist,361238,unset,EH44TY,Control by other authorised person,Central refuge - no other controls,At scene
463210,,Slight,1,1,28/06/2010,Monday,28,June,10,16,45,230,A,8,Single carriageway - 2 lanes,30,Not at or within 20 metres of junction,unset,\,,Daylight: street lights present,Fine (without high winds),Dry,None,None,No overtaking,324030,673210,550604,Segment,Pedestrian,361239,unset,EH125EY,No crossing facility within 50m or physical crossing facility not controlled by authorised person,No physical crossing facility within 50m,Elsewhere
463610,,Slight,2,1,21/06/2010,Monday,21,June,10,8,40,230,A,700,Single carriageway - 2 lanes,30,Other junction,Automatic Traffic Signal,Unclassified,,Daylight: no street lighting,Fine (without high winds),Dry,None,None,No overtaking,325670,672510,521871,Junction,Cyclist,361240,unset,EH91JU,No crossing facility within 50m or physical crossing facility not controlled by authorised person,"Pelican, puffin, toucan or similar non-junction pedestrian light crossing",At scene
463710,,Slight,2,1,19/06/2010,Saturday,19,June,10,14,25,230,Unclassified,,Single carriageway - 2 lanes,30,'T' or staggered junction,Give way sign or markings,Unclassified,,Daylight: street lights present,Fine (without high winds),Dry,None,None,No overtaking,320570,671960,0,Unset,Cyclist,361241,unset,EH127EB,No crossing facility within 50m or physical crossing facility not controlled by authorised person,No physical crossing facility within 50m,Elsewhere
464110,,Slight,2,1,29/06/2010,Tuesday,29,June,10,19,50,230,Unclassified,,Single carriageway - 2 lanes,30,Not at or within 20 metres of junction,unset,\,,Daylight: no street lighting,Fine (without high winds),Dry,None,None,No overtaking,327500,672100,0,Unset,T.V.N.P.,361242,unset,EH165HX,No crossing facility within 50m or physical crossing facility not controlled by authorised person,No physical crossing facility within 50m,At scene
464910,,Slight,1,1,29/06/2010,Tuesday,29,June,10,0,30,230,Unclassified,,Single carriageway - 2 lanes,30,Not at or within 20 metres of junction,unset,\,,Darkness: street lighting unknown,Other,Dry,None,None,No overtaking,326730,672830,0,Unset,S.V.N.P.,361243,unset,EH87AT,No crossing facility within 50m or physical crossing facility not controlled by authorised person,No physical crossing facility within 50m,Elsewhere
465710,,Slight,1,1,29/06/2010,Tuesday,29,June,10,13,25,230,A,1140,Single carriageway - 2 lanes,30,'T' or staggered junction,Give way sign or markings,Unclassified,,Daylight: street lights present,Fine (without high winds),Dry,None,None,No overtaking,329680,674350,523458,Junction,Bus,361244,unset,EH76TQ,No crossing facility within 50m or physical crossing facility not controlled by authorised person,No physical crossing facility within 50m,Elsewhere
466510,,Slight,2,1,30/06/2010,Wednesday,30,June,10,16,0,230,A,90,Dual carriageway - 2 lanes,40,Not at or within 20 metres of junction,unset,\,,Daylight: street lights present,Fine (without high winds),Dry,None,None,No overtaking,312440,677990,555411,Segment,T.V.N.P.,361245,unset,EH309XY,No crossing facility within 50m or physical crossing facility not controlled by authorised person,No physical crossing facility within 50m,At scene
468210,,Slight,1,1,30/06/2010,Wednesday,30,June,10,14,0,230,C,,Single carriageway - 2 lanes,30,Not at or within 20 metres of junction,unset,\,,Daylight: no street lighting,Fine (without high winds),Dry,None,None,No overtaking,322980,675650,559982,Segment,Bus,361246,unset,EH42NY,Control by other authorised person,Pedestrian phase at traffic signal junction,At scene
468610,,Slight,1,1,30/06/2010,Wednesday,30,June,10,1,15,230,Unclassified,,Single carriageway - 2 lanes,30,Crossroads,Automatic Traffic Signal,C,,Darkness: street lights present and lit,Fine (without high winds),Dry,None,None,No overtaking,326360,672160,532756,Junction,S.V.N.P.,361247,unset,EH91PH,Control by other authorised person,Pedestrian phase at traffic signal junction,At scene
469210,,Slight,1,1,30/06/2010,Wednesday,30,June,10,12,40,230,Unclassified,,Single carriageway - 2 lanes,30,Not at or within 20 metres of junction,unset,\,,Daylight: street lights present,Fine (without high winds),Dry,None,None,No overtaking,326320,672170,566309,Segment,Bus,361248,unset,EH91PU,No crossing facility within 50m or physical crossing facility not controlled by authorised person,No physical crossing facility within 50m,Elsewhere
469310,,Slight,3,1,01/07/2010,Thursday,1,July,10,13,20,230,A,90,Single carriageway - 2 lanes,40,Not at or within 20 metres of junction,unset,\,,Daylight: street lights present,Fine (without high winds),Dry,None,None,No overtaking,323940,674240,555582,Segment,M.V.N.P.,361374,unset,EH43AF,Control by other authorised person,Pedestrian phase at traffic signal junction,At scene
469610,,Slight,1,1,01/07/2010,Thursday,1,July,10,9,10,230,Unclassified,,Unknown,30,Other junction,Give way sign or markings,Unclassified,,Daylight: street lights present,Raining (without high winds),Dry,None,None,No overtaking,325550,674890,520230,Junction,Bus,361375,unset,EH36NE,No crossing facility within 50m or physical crossing facility not controlled by authorised person,No physical crossing facility within 50m,Elsewhere
470010,,Slight,2,1,01/07/2010,Thursday,1,July,10,17,20,230,B,701,Dual carriageway - 2 lanes,30,'T' or staggered junction,Automatic Traffic Signal,Unclassified,,Daylight: street lights present,Fine (without high winds),Dry,None,None,No overtaking,319610,669960,12201412,Junction,T.V.N.P.,361376,unset,EH142SW,No crossing facility within 50m or physical crossing facility not controlled by authorised person,No physical crossing facility within 50m,Elsewhere
471510,,Slight,2,2,02/07/2010,Friday,2,July,10,10,10,230,A,720,Roundabout,40,Roundabout,Automatic Traffic Signal,A,8,Daylight: street lights present,Fine (without high winds),Dry,None,None,No overtaking,317510,672520,9658433,Junction,T.V.N.P.,361377,unset,EH129BS,No crossing facility within 50m or physical crossing facility not controlled by authorised person,No physical crossing facility within 50m,At scene
471610,,Slight,1,1,02/07/2010,Friday,2,July,10,12,58,230,A,1,Single carriageway - 2 lanes,30,Other junction,Automatic Traffic Signal,Unclassified,,Daylight: street lighting unknown,Fine (without high winds),Dry,None,None,No overtaking,327370,674390,520725,Junction,Pedestrian,361378,unset,EH75SU,No crossing facility within 50m or physical crossing facility not controlled by authorised person,Pedestrian phase at traffic signal junction,At scene
471810,,Serious,2,1,02/07/2010,Friday,2,July,10,9,0,230,A,702,Single carriageway - 2 lanes,30,Not at or within 20 metres of junction,unset,\,,Daylight: street lights present,Fine (without high winds),Dry,None,None,No overtaking,324880,672560,549171,Segment,Cyclist,361379,unset,EH104HW,No crossing facility within 50m or physical crossing facility not controlled by authorised person,No physical crossing facility within 50m,At scene
472410,,Slight,2,1,02/07/2010,Friday,2,July,10,8,40,230,A,720,Dual carriageway - 2 lanes,70,Not at or within 20 metres of junction,unset,\,,Daylight: street lights present,Fine (without high winds),Dry,None,None,No overtaking,331450,667910,2579269,Segment,T.V.N.P.,361380,unset,EH181AS,No crossing facility within 50m or physical crossing facility not controlled by authorised person,No physical crossing facility within 50m,At scene
472810,,Slight,2,1,01/07/2010,Thursday,1,July,10,16,40,230,Unclassified,,Single carriageway - 2 lanes,30,Not at or within 20 metres of junction,unset,\,,Daylight: no street lighting,Fine (without high winds),Dry,None,None,No overtaking,323490,668980,564911,Segment,T.V.N.P.,361381,unset,EH139HZ,No crossing facility within 50m or physical crossing facility not controlled by authorised person,No physical crossing facility within 50m,\3
473610,,Slight,1,1,02/07/2010,Friday,2,July,10,19,50,230,C,,Single carriageway - 2 lanes,30,Not at or within 20 metres of junction,unset,\,,Daylight: street lights present,Fine (without high winds),Dry,None,None,No overtaking,326530,673820,558221,Segment,Pedestrian,361382,unset,EH88DD,No crossing facility within 50m or physical crossing facility not controlled by authorised person,No physical crossing facility within 50m,At scene
473910,,Slight,2,1,02/07/2010,Friday,2,July,10,17,50,230,C,,Single carriageway - 2 lanes,30,Not at or within 20 metres of junction,unset,\,,Daylight: street lights present,Fine (without high winds),Dry,None,None,No overtaking,325890,674370,566780,Segment,Cyclist,361383,unset,EH13JG,Control by other authorised person,Pedestrian phase at traffic signal junction,Elsewhere
474710,,Slight,1,1,02/07/2010,Friday,2,July,10,19,0,230,A,900,Single carriageway - 2 lanes,30,Other junction,Give way sign or markings,Unclassified,,Daylight: street lights present,Fine (without high winds),Dry,None,None,No overtaking,326870,675730,519484,Junction,Bus,361384,unset,EH65HB,No crossing facility within 50m or physical crossing facility not controlled by authorised person,No physical crossing facility within 50m,At scene
475010,,Slight,1,1,03/07/2010,Saturday,3,July,10,7,0,230,Motorway,8,Dual carriageway - 2 lanes,70,Not at or within 20 metres of junction,unset,\,,Daylight: street lights present,Fine (without high winds),Dry,None,None,No overtaking,317950,670850,6452850,Segment,S.V.N.P.,361385,unset,EH129BU,No crossing facility within 50m or physical crossing facility not controlled by authorised person,No physical crossing facility within 50m,At scene
475410,,Slight,2,1,03/07/2010,Saturday,3,July,10,14,20,230,A,900,Dual carriageway - 2 lanes,30,Not at or within 20 metres of junction,unset,\,,Daylight: street lights present,Fine (without high winds),Dry,None,None,No overtaking,325950,674130,558533,Segment,Cyclist,361386,unset,EH13SJ,No crossing facility within 50m or physical crossing facility not controlled by authorised person,No physical crossing facility within 50m,Elsewhere