acc_ref,beat_no,severity,no_vehicle,no_casualt,a_date,a_day,a_date_day,a_date_mon,a_date_yr,a_time_hr,a_time_min,loc_auth,road1_class,road1_no,road_type,speed_limi,junc_det,junc_ctrl,road2_class,road2_no,light_cond,weather,road_surf,spec_cond,cway_hzrds,ovrtk_patrn,easting,northing,net_id,net_type,acc_type,text_id,division,Postcode,ped_xing_hc,ped_xing_p,place_reported
475610,,Serious,1,1,03/07/2010,Saturday,3,July,10,18,40,230,C,,Single carriageway - 2 lanes,30,Other junction,Give way sign or markings,Unclassified,,Daylight: street lights present,Fine (without high winds),Dry,None,None,No overtaking,325750,671510,523863,Junction,Cyclist,361387,unset,EH92EA,No crossing facility within 50m or physical crossing facility not controlled by authorised person,No physical crossing facility within 50m,At scene
475810,,Slight,1,1,02/07/2010,Friday,2,July,10,19,15,230,A,900,Single carriageway - 2 lanes,30,Not at or within 20 metres of junction,unset,\,,Daylight: street lights present,Fine (without high winds),Dry,None,None,No overtaking,327260,676380,558434,Segment,Pedestrian,361388,unset,EH67BG,No crossing facility within 50m or physical crossing facility not controlled by authorised person,No physical crossing facility within 50m,At scene
475910,,Slight,1,1,03/07/2010,Saturday,3,July,10,3,10,230,C,,Single carriageway - 2 lanes,30,'T' or staggered junction,Automatic Traffic Signal,Unclassified,,Darkness: street lights present and lit,Fine (without high winds),Dry,None,None,No overtaking,324220,672740,521838,Junction,Pedestrian,361389,unset,EH111AL,Control by other authorised person,Pedestrian phase at traffic signal junction,At scene
476410,,Slight,1,1,25/06/2010,Friday,25,June,10,3,25,230,A,702,Single carriageway - 2 lanes,30,'T' or staggered junction,Authorised Person,Unclassified,,Darkness: street lights present and lit,Fine (without high winds),Dry,None,None,No overtaking,324770,673410,10254972,Junction,Pedestrian,361249,unset,EH12DJ,Control by other authorised person,Pedestrian phase at traffic signal junction,At scene
477010,,Slight,1,1,04/07/2010,Sunday,4,July,10,13,15,230,Unclassified,,Single carriageway - 2 lanes,30,Not at or within 20 metres of junction,unset,\,,Daylight: street lights present,Raining (without high winds),Dry,None,None,No overtaking,320100,668780,561847,Segment,Pedestrian,361390,unset,EH145DQ,No crossing facility within 50m or physical crossing facility not controlled by authorised person,No physical crossing facility within 50m,At scene
478210,,Slight,2,1,04/07/2010,Sunday,4,July,10,16,0,230,C,,Single carriageway - 2 lanes,30,Crossroads,Authorised Person,Unclassified,,Daylight: street lights present,Fine with high winds,Dry,None,None,No overtaking,323500,672270,521991,Junction,T.V.N.P.,361391,unset,EH112JP,Control by other authorised person,Pedestrian phase at traffic signal junction,At scene
478310,,Slight,1,1,05/07/2010,Monday,5,July,10,9,0,230,C,,Single carriageway - 2 lanes,30,Not at or within 20 metres of junction,unset,\,,Daylight: street lights present,Fine (without high winds),Dry,None,None,No overtaking,324850,673190,2106538,Segment,Pedestrian,361392,unset,EH39AL,Control by other authorised person,Pedestrian phase at traffic signal junction,At scene
478410,,Slight,1,1,30/06/2010,Wednesday,30,June,10,15,0,230,Unclassified,,Single carriageway - 2 lanes,30,Crossroads,Automatic Traffic Signal,C,,Daylight: street lights present,Fine (without high winds),Dry,None,None,No overtaking,325080,673210,521478,Junction,Bus,361250,unset,EH39DN,Control by other authorised person,Pedestrian phase at traffic signal junction,Elsewhere
478510,,Slight,2,1,05/07/2010,Monday,5,July,10,15,50,230,C,,Single carriageway - 2 lanes,30,Crossroads,Automatic Traffic Signal,Unclassified,,Daylight: street lights present,Fine (without high winds),Dry,None,None,No overtaking,326180,673540,521139,Junction,Bus,361393,unset,EH89UE,Control by other authorised person,Pedestrian phase at traffic signal junction,Elsewhere
482510,,Slight,1,1,06/07/2010,Tuesday,6,July,10,16,35,230,A,8,Single carriageway - 2 lanes,30,Not at or within 20 metres of junction,unset,\,,Daylight: no street lighting,Raining (without high winds),Dry,None,None,No overtaking,320870,672850,550713,Segment,Pedestrian,361394,unset,EH126TS,Control by other authorised person,"Pelican, puffin, toucan or similar non-junction pedestrian light crossing",At scene
485210,,Slight,1,1,07/07/2010,Wednesday,7,July,10,7,0,230,Unclassified,,Single carriageway - 2 lanes,30,Not at or within 20 metres of junction,unset,\,,Daylight: no street lighting,Fine (without high winds),Dry,None,None,No overtaking,315590,666020,0,Unset,S.V.N.P.,361395,unset,EH147BB,No crossing facility within 50m or physical crossing facility not controlled by authorised person,No physical crossing facility within 50m,At scene
485710,,Slight,2,1,06/07/2010,Tuesday,6,July,10,17,0,230,C,,Single carriageway - 2 lanes,30,Crossroads,Automatic Traffic Signal,Unclassified,,Darkness: street lights present and lit,Fine (without high winds),Dry,None,None,No overtaking,324400,672520,522336,Junction,T.V.N.P.,361396,unset,EH39PP,No crossing facility within 50m or physical crossing facility not controlled by authorised person,Pedestrian phase at traffic signal junction,Elsewhere
486210,,Slight,2,1,07/07/2010,Wednesday,7,July,10,10,0,230,A,720,Single carriageway - 3 lanes,30,Roundabout,Automatic Traffic Signal,A,71,Daylight: street lights present,Fine (without high winds),Dry,None,None,No overtaking,318590,670310,2307045,Junction,T.V.N.P.,361397,unset,EH144AW,No crossing facility within 50m or physical crossing facility not controlled by authorised person,No physical crossing facility within 50m,Elsewhere
486710,,Slight,2,1,06/07/2010,Tuesday,6,July,10,17,5,230,Unclassified,,Single carriageway - 2 lanes,30,Crossroads,Give way sign or markings,Unclassified,,Daylight: street lights present,Fine (without high winds),Dry,None,None,No overtaking,323280,676730,12233130,Junction,Cyclist,361398,unset,EH51NG,No crossing facility within 50m or physical crossing facility not controlled by authorised person,No physical crossing facility within 50m,At scene
487010,,Slight,1,1,01/07/2010,Thursday,1,July,10,17,33,230,Unclassified,,Single carriageway - 2 lanes,30,'T' or staggered junction,Automatic Traffic Signal,Unclassified,,Daylight: street lights present,Fine (without high winds),Dry,None,None,No overtaking,327930,674180,520761,Junction,Pedestrian,361399,unset,EH88JE,No crossing facility within 50m or physical crossing facility not controlled by authorised person,No physical crossing facility within 50m,Elsewhere
487810,,Slight,2,4,07/07/2010,Wednesday,7,July,10,23,50,230,Unclassified,,Single carriageway - 2 lanes,30,'T' or staggered junction,Give way sign or markings,Unclassified,,Darkness: street lights present and lit,Fine (without high winds),Dry,None,None,No overtaking,326430,672840,532744,Junction,T.V.N.P.,361400,unset,EH89HZ,No crossing facility within 50m or physical crossing facility not controlled by authorised person,No physical crossing facility within 50m,At scene
487910,,Slight,1,1,06/07/2010,Tuesday,6,July,10,16,0,230,Unclassified,,Single carriageway - 2 lanes,30,Not at or within 20 metres of junction,unset,\,,Daylight: no street lighting,Raining (without high winds),Dry,None,None,No overtaking,322670,675260,0,Unset,Pedestrian,361401,unset,EH42NL,No crossing facility within 50m or physical crossing facility not controlled by authorised person,No physical crossing facility within 50m,At scene
488410,,Slight,2,1,07/07/2010,Wednesday,7,July,10,13,35,230,Unclassified,,Single carriageway - 2 lanes,30,Other junction,Give way sign or markings,Unclassified,,Daylight: street lights present,Fine (without high winds),Dry,None,None,No overtaking,327680,669980,0,Unset,Cyclist,361402,unset,EH166AS,No crossing facility within 50m or physical crossing facility not controlled by authorised person,No physical crossing facility within 50m,Elsewhere
488810,,Slight,1,1,08/07/2010,Thursday,8,July,10,9,35,230,Motorway,8,Dual carriageway - 2 lanes,50,Roundabout,Automatic Traffic Signal,Motorway,8,Daylight: street lights present,Fine (without high winds),Dry,None,None,No overtaking,318200,670960,6453709,Junction,S.V.N.P.,361403,unset,EH129BU,No crossing facility within 50m or physical crossing facility not controlled by authorised person,No physical crossing facility within 50m,At scene
488910,,Slight,2,1,05/07/2010,Monday,5,July,10,9,45,230,Unclassified,,Single carriageway - 2 lanes,30,'T' or staggered junction,Give way sign or markings,A,70,Darkness: street lights present but unlit,Unknown,Dry,None,None,No overtaking,318070,667740,518443,Junction,T.V.N.P.,361404,unset,EH145NW,Control by other authorised person,No physical crossing facility within 50m,Elsewhere
489010,,Serious,1,1,28/06/2010,Monday,28,June,10,5,40,230,C,,One way Street,30,Other junction,Stop sign,Unclassified,,Daylight: street lights present,Fine (without high winds),Dry,None,None,No overtaking,325040,673170,521481,Junction,Cyclist,361251,unset,EH39DN,No crossing facility within 50m or physical crossing facility not controlled by authorised person,No physical crossing facility within 50m,At scene
489310,,Slight,1,1,07/07/2010,Wednesday,7,July,10,14,40,230,A,900,Single carriageway - 2 lanes,30,'T' or staggered junction,Automatic Traffic Signal,Unclassified,,Daylight: street lights present,Fine (without high winds),Dry,None,None,No overtaking,326560,675140,519867,Junction,Bus,361405,unset,EH65AH,Control by other authorised person,Pedestrian phase at traffic signal junction,Elsewhere
490110,,Serious,2,1,08/07/2010,Thursday,8,July,10,16,40,230,Unclassified,,Roundabout,30,Roundabout,Automatic Traffic Signal,A,89,Daylight: street lights present,Fine (without high winds),Dry,None,None,No overtaking,312470,672670,517567,Junction,T.V.N.P.,361406,unset,EH288SH,No crossing facility within 50m or physical crossing facility not controlled by authorised person,No physical crossing facility within 50m,At scene
490210,,Slight,1,1,08/07/2010,Thursday,8,July,10,23,50,230,Unclassified,,Single carriageway - 2 lanes,30,Crossroads,Automatic Traffic Signal,A,70,Darkness: street lights present and lit,Fine (without high winds),Dry,None,None,No overtaking,324090,673180,521334,Junction,Pedestrian,361407,unset,EH112BQ,No crossing facility within 50m or physical crossing facility not controlled by authorised person,No physical crossing facility within 50m,At scene
490310,,Slight,3,1,07/07/2010,Wednesday,7,July,10,7,14,230,A,720,Dual carriageway - 2 lanes,70,Not at or within 20 metres of junction,unset,\,,Daylight: street lights present,Raining with high winds,Dry,None,None,No overtaking,323610,667990,570546,Segment,M.V.N.P.,361408,unset,EH107DS,No crossing facility within 50m or physical crossing facility not controlled by authorised person,No physical crossing facility within 50m,At scene
490410,,Slight,1,1,01/07/2010,Thursday,1,July,10,19,30,230,Unclassified,,Single carriageway - 2 lanes,30,'T' or staggered junction,Give way sign or markings,Unclassified,,Daylight: street lights present,Fine (without high winds),Dry,None,None,No overtaking,324790,671710,523833,Junction,S.V.N.P.,361409,unset,EH104BL,No crossing facility within 50m or physical crossing facility not controlled by authorised person,No physical crossing facility within 50m,At scene
490510,,Slight,2,1,18/06/2010,Friday,18,June,10,22,15,230,C,,Single carriageway - 2 lanes,30,Not at or within 20 metres of junction,unset,\,,Darkness: street lights present but unlit,Fine (without high winds),Dry,None,None,No overtaking,322900,675900,559931,Segment,Cyclist,361252,unset,EH52NE,No crossing facility within 50m or physical crossing facility not controlled by authorised person,No physical crossing facility within 50m,Elsewhere
490810,,Slight,1,1,07/07/2010,Wednesday,7,July,10,16,25,230,B,901,Single carriageway - 2 lanes,30,'T' or staggered junction,Give way sign or markings,Unclassified,,Daylight: street lights present,Fine (without high winds),Dry,None,None,No overtaking,325860,674510,520611,Junction,Pedestrian,361410,unset,EH13QR,No crossing facility within 50m or physical crossing facility not controlled by authorised person,No physical crossing facility within 50m,At scene
492310,,Serious,1,1,09/07/2010,Friday,9,July,10,13,40,230,Unclassified,,Single carriageway - 2 lanes,30,Not at or within 20 metres of junction,unset,\,,Daylight: street lights present,Fine (without high winds),Dry,None,None,No overtaking,326150,676360,563715,Segment,Pedestrian,361411,unset,EH64PG,No crossing facility within 50m or physical crossing facility not controlled by authorised person,No physical crossing facility within 50m,At scene
492510,,Slight,2,1,08/07/2010,Thursday,8,July,10,16,50,230,Unclassified,,Single carriageway - 2 lanes,30,'T' or staggered junction,Stop sign,B,701,Daylight: street lights present,Fine (without high winds),Dry,None,None,No overtaking,321830,669080,532933,Junction,T.V.N.P.,361412,unset,EH130NR,No crossing facility within 50m or physical crossing facility not controlled by authorised person,No physical crossing facility within 50m,Elsewhere
492710,,Slight,2,1,09/07/2010,Friday,9,July,10,11,55,230,Motorway,8,Dual carriageway - 2 lanes,70,Not at or within 20 metres of junction,unset,\,,Daylight: no street lighting,Fine (without high winds),Dry,None,None,No overtaking,317410,670450,6452039,Segment,T.V.N.P.,361413,unset,EH129BU,No crossing facility within 50m or physical crossing facility not controlled by authorised person,No physical crossing facility within 50m,At scene
493510,,Slight,1,1,06/07/2010,Tuesday,6,July,10,16,29,230,A,702,Single carriageway - 2 lanes,30,Other junction,Automatic Traffic Signal,C,,Daylight: no street lighting,Other,Dry,None,None,No overtaking,324500,671660,523830,Junction,Pedestrian,361414,unset,EH104AZ,Control by other authorised person,Pedestrian phase at traffic signal junction,At scene
494310,,Slight,1,1,10/07/2010,Saturday,10,July,10,10,30,230,Unclassified,,One way Street,30,Other junction,Automatic Traffic Signal,A,8,Daylight: street lights present,Raining (without high winds),Dry,None,None,No overtaking,325570,673940,521097,Junction,Pedestrian,361415,unset,EH22DF,Control by other authorised person,Pedestrian phase at traffic signal junction,At scene
494910,,Slight,2,1,10/07/2010,Saturday,10,July,10,15,50,230,A,199,Single carriageway - 2 lanes,30,'T' or staggered junction,Give way sign or markings,Unclassified,,Daylight: street lights present,Fine (without high winds),Dry,None,None,No overtaking,326700,676680,522741,Junction,Cyclist,361416,unset,EH66LY,No crossing facility within 50m or physical crossing facility not controlled by authorised person,No physical crossing facility within 50m,Elsewhere
495210,,Slight,1,1,10/07/2010,Saturday,10,July,10,14,50,230,Unclassified,,Single carriageway - 2 lanes,30,Not at or within 20 metres of junction,unset,\,,Daylight: street lights present,Raining with high winds,Dry,None,None,No overtaking,331350,672920,2106187,Segment,Bus,361417,unset,EH152ND,No crossing facility within 50m or physical crossing facility not controlled by authorised person,No physical crossing facility within 50m,Elsewhere
498110,,Slight,2,1,12/07/2010,Monday,12,July,10,17,22,230,Unclassified,,Single carriageway - 2 lanes,30,Crossroads,Give way sign or markings,Unclassified,,Daylight: street lights present,Fine (without high winds),Dry,None,None,No overtaking,312980,677700,4421939,Junction,T.V.N.P.,361418,unset,EH309NZ,Control by other authorised person,"Pelican, puffin, toucan or similar non-junction pedestrian light crossing",At scene
498310,,Slight,1,1,12/07/2010,Monday,12,July,10,15,4,230,Unclassified,,Single carriageway - 2 lanes,40,'T' or staggered junction,Give way sign or markings,Unclassified,,Daylight: no street lighting,Fine (without high winds),Dry,None,None,No overtaking,312040,670210,12231736,Junction,S.V.N.P.,361419,unset,EH288NR,Control by other authorised person,Pedestrian phase at traffic signal junction,At scene
498510,,Slight,3,1,12/07/2010,Monday,12,July,10,16,45,230,A,8,Single carriageway - 2 lanes,40,Not at or within 20 metres of junction,unset,\,,Daylight: street lights present,Fine (without high winds),Dry,None,None,No overtaking,318550,672780,4550156,Segment,Bus,361420,unset,EH128LH,No crossing facility within 50m or physical crossing facility not controlled by authorised person,No physical crossing facility within 50m,At scene
499410,,Slight,2,1,13/07/2010,Tuesday,13,July,10,7,40,230,Unclassified,,Single carriageway - 2 lanes,30,Crossroads,Automatic Traffic Signal,Unclassified,,Daylight: no street lighting,Fine (without high winds),Dry,None,None,No overtaking,323650,671840,522279,Junction,T.V.N.P.,361421,unset,EH111NJ,No crossing facility within 50m or physical crossing facility not controlled by authorised person,Pedestrian phase at traffic signal junction,At scene
499510,,Slight,2,1,13/07/2010,Tuesday,13,July,10,10,40,230,Unclassified,,Single carriageway - 2 lanes,30,'T' or staggered junction,Give way sign or markings,Unclassified,,Daylight: street lights present,Fine (without high winds),Dry,None,None,No overtaking,322750,671590,522231,Junction,T.V.N.P.,361422,unset,EH141PB,No crossing facility within 50m or physical crossing facility not controlled by authorised person,No physical crossing facility within 50m,At scene
500010,,Serious,1,1,13/07/2010,Tuesday,13,July,10,14,30,230,A,8,Dual carriageway - 2 lanes,30,Not at or within 20 metres of junction,unset,\,,Daylight: street lights present,Fine (without high winds),Dry,None,None,No overtaking,325290,673850,551202,Segment,Bus,361423,unset,EH22ER,No crossing facility within 50m or physical crossing facility not controlled by authorised person,No physical crossing facility within 50m,Elsewhere
500910,,Slight,2,1,12/07/2010,Monday,12,July,10,19,5,230,A,7,Single carriageway - 2 lanes,30,'T' or staggered junction,Automatic Traffic Signal,Unclassified,,Daylight: street lights present,Fine (without high winds),Dry,None,None,No overtaking,326000,673410,521589,Junction,Cyclist,361424,unset,EH89AA,Control by other authorised person,Pedestrian phase at traffic signal junction,At scene
501210,,Slight,2,1,13/07/2010,Tuesday,13,July,10,15,40,230,A,7,Single carriageway - 2 lanes,30,Not at or within 20 metres of junction,unset,\,,Daylight: street lights present,Fine (without high winds),Dry,None,None,No overtaking,326600,672460,568060,Segment,Pedestrian,361425,unset,EH89QD,No crossing facility within 50m or physical crossing facility not controlled by authorised person,No physical crossing facility within 50m,At scene
501410,,Slight,1,1,13/07/2010,Tuesday,13,July,10,4,0,230,B,1350,Single carriageway - 2 lanes,30,Crossroads,Authorised Person,C,,Daylight: street lights present,Fine (without high winds),Dry,None,None,No overtaking,326930,674470,520680,Junction,S.V.N.P.,361426,unset,EH75AP,Control by other authorised person,Pedestrian phase at traffic signal junction,At scene
501710,,Slight,3,1,13/07/2010,Tuesday,13,July,10,6,23,230,Unclassified,,Single carriageway - 2 lanes,30,'T' or staggered junction,Give way sign or markings,Unclassified,,Daylight: street lights present,Fine (without high winds),Dry,None,None,No overtaking,328530,675000,523335,Junction,M.V.N.P.,361427,unset,EH76EP,No crossing facility within 50m or physical crossing facility not controlled by authorised person,No physical crossing facility within 50m,At scene
504010,,Slight,1,1,14/07/2010,Wednesday,14,July,10,16,17,230,A,7,Single carriageway - 2 lanes,30,Other junction,Automatic Traffic Signal,Unclassified,,Daylight: street lights present,Raining (without high winds),Dry,None,None,No overtaking,326010,673390,2305729,Junction,Bus,361428,unset,EH11LS,No crossing facility within 50m or physical crossing facility not controlled by authorised person,No physical crossing facility within 50m,At scene
505510,,Slight,2,1,11/07/2010,Sunday,11,July,10,15,15,230,A,71,Roundabout,30,Roundabout,Automatic Traffic Signal,A,720,Daylight: street lighting unknown,Fine with high winds,Dry,None,None,No overtaking,318650,670370,2307030,Junction,T.V.N.P.,361429,unset,EH144AW,No crossing facility within 50m or physical crossing facility not controlled by authorised person,No physical crossing facility within 50m,At scene
506510,,Slight,2,1,14/07/2010,Wednesday,14,July,10,16,50,230,Unclassified,,Single carriageway - 2 lanes,30,'T' or staggered junction,Give way sign or markings,Unclassified,,Daylight: street lights present,Raining (without high winds),Dry,None,None,No overtaking,327120,675250,12239120,Junction,T.V.N.P.,361430,unset,EH68JS,No crossing facility within 50m or physical crossing facility not controlled by authorised person,No physical crossing facility within 50m,Elsewhere
507010,,Slight,2,1,15/07/2010,Thursday,15,July,10,9,15,230,C,,Single carriageway - 2 lanes,30,'T' or staggered junction,Automatic Traffic Signal,Unclassified,,Daylight: street lights present,Raining (without high winds),Dry,None,None,No overtaking,325510,674090,520563,Junction,T.V.N.P.,361431,unset,EH22PA,No crossing facility within 50m or physical crossing facility not controlled by authorised person,No physical crossing facility within 50m,Elsewhere
507210,,Slight,1,1,15/07/2010,Thursday,15,July,10,8,15,230,Unclassified,,Dual carriageway - 2 lanes,30,'T' or staggered junction,Give way sign or markings,A,900,Daylight: street lights present,Raining (without high winds),Dry,None,None,No overtaking,326150,674570,520254,Junction,Bus,361432,unset,EH13PA,No crossing facility within 50m or physical crossing facility not controlled by authorised person,No physical crossing facility within 50m,Elsewhere
507310,,Slight,2,1,15/07/2010,Thursday,15,July,10,16,15,230,Unclassified,,Single carriageway - 2 lanes,30,Crossroads,Give way sign or markings,Unclassified,,Daylight: street lights present,Other,Dry,None,None,No overtaking,317660,667590,0,Unset,T.V.N.P.,361433,unset,EH145RX,No crossing facility within 50m or physical crossing facility not controlled by authorised person,No physical crossing facility within 50m,Elsewhere
507410,,Slight,2,1,15/07/2010,Thursday,15,July,10,18,45,230,A,900,Single carriageway - 2 lanes,30,'T' or staggered junction,Automatic Traffic Signal,C,,Daylight: street lights present,Raining (without high winds),Dry,None,None,No overtaking,326550,675130,519867,Junction,Cyclist,361434,unset,EH74PE,No crossing facility within 50m or physical crossing facility not controlled by authorised person,No physical crossing facility within 50m,Elsewhere
507710,,Slight,1,1,16/07/2010,Friday,16,July,10,1,11,230,A,900,Single carriageway - 2 lanes,30,'T' or staggered junction,Give way sign or markings,Unclassified,,Daylight: no street lighting,Fine (without high winds),Dry,None,None,No overtaking,326790,675550,519478,Junction,Pedestrian,361435,unset,EH68NX,Control by other authorised person,Pedestrian phase at traffic signal junction,Elsewhere
509010,,Slight,1,1,16/07/2010,Friday,16,July,10,16,10,230,A,7,Single carriageway - 2 lanes,30,'T' or staggered junction,Automatic Traffic Signal,Unclassified,,Daylight: street lights present,Fine (without high winds),Dry,None,None,No overtaking,326000,673430,521589,Junction,Pedestrian,361436,unset,EH11LL,Control by other authorised person,Pedestrian phase at traffic signal junction,At scene
509210,,Slight,1,1,15/07/2010,Thursday,15,July,10,7,30,230,A,8,Dual carriageway - 2 lanes,30,Not at or within 20 metres of junction,unset,\,,Daylight: street lights present,Raining (without high winds),Dry,None,Other object in carriageway,No overtaking,324820,673710,551190,Segment,Cyclist,361437,unset,EH24AH,Control by other authorised person,Pedestrian phase at traffic signal junction,At scene
509510,,Slight,3,1,16/07/2010,Friday,16,July,10,9,30,230,B,6415,Single carriageway - 2 lanes,30,'T' or staggered junction,Give way sign or markings,Unclassified,,Daylight: street lights present,Other,Dry,None,None,No overtaking,330710,673780,523593,Junction,M.V.N.P.,361438,unset,EH152AU,Control by other authorised person,Pedestrian phase at traffic signal junction,At scene
509810,,Slight,2,2,16/07/2010,Friday,16,July,10,7,35,230,C,,Single carriageway - 2 lanes,30,Crossroads,Automatic Traffic Signal,C,,Daylight: street lights present,Raining (without high winds),Dry,None,None,No overtaking,327600,669520,530152,Junction,T.V.N.P.,361439,unset,EH166RY,Control by other authorised person,Pedestrian phase at traffic signal junction,At scene
510610,,Slight,4,2,16/07/2010,Friday,16,July,10,13,45,230,Motorway,8,Dual carriageway - 2 lanes,50,Roundabout,Automatic Traffic Signal,Motorway,8,Daylight: street lights present,Fine (without high winds),Dry,None,None,No overtaking,318120,670890,6452865,Junction,M.V.N.P.,361440,unset,EH129BU,No crossing facility within 50m or physical crossing facility not controlled by authorised person,No physical crossing facility within 50m,\3
511310,,Slight,2,1,12/07/2010,Monday,12,July,10,10,0,230,Unclassified,,Single carriageway - 2 lanes,30,Not at or within 20 metres of junction,unset,\,,Darkness: street lights present but unlit,Fine (without high winds),Dry,None,None,No overtaking,325160,675100,566882,Segment,T.V.N.P.,361441,unset,EH35JP,No crossing facility within 50m or physical crossing facility not controlled by authorised person,No physical crossing facility within 50m,At scene
511810,,Slight,2,1,17/07/2010,Saturday,17,July,10,12,45,230,B,900,Single carriageway - 2 lanes,30,Not at or within 20 metres of junction,unset,\,,Daylight: street lights present,Fine (without high winds),Dry,None,None,No overtaking,325580,675190,554150,Segment,T.V.N.P.,361442,unset,EH74EF,Control by other authorised person,Central refuge - no other controls,At scene
512010,,Slight,1,1,17/07/2010,Saturday,17,July,10,15,5,230,Unclassified,,Single carriageway - 2 lanes,30,Other junction,Give way sign or markings,Unclassified,,Daylight: street lights present,Fine (without high winds),Dry,None,None,No overtaking,327530,674330,520749,Junction,Bus,361443,unset,EH75TL,No crossing facility within 50m or physical crossing facility not controlled by authorised person,No physical crossing facility within 50m,Elsewhere
514010,,Slight,2,1,16/07/2010,Friday,16,July,10,18,36,230,Unclassified,,Single carriageway - 2 lanes,30,Not at or within 20 metres of junction,unset,\,,Daylight: street lights present,Fine (without high winds),Dry,None,None,No overtaking,325780,676270,563619,Segment,T.V.N.P.,361444,unset,EH64NW,No crossing facility within 50m or physical crossing facility not controlled by authorised person,No physical crossing facility within 50m,At scene
515410,,Slight,1,1,18/07/2010,Sunday,18,July,10,19,12,230,A,71,Single carriageway - 2 lanes,30,Not at or within 20 metres of junction,unset,\,,Daylight: street lights present,Fine (without high winds),Dry,None,None,No overtaking,322160,671780,549749,Segment,Bus,361445,unset,EH113BQ,No crossing facility within 50m or physical crossing facility not controlled by authorised person,No physical crossing facility within 50m,At scene
517910,,Slight,2,1,18/07/2010,Sunday,18,July,10,23,0,230,C,,Single carriageway - 2 lanes,30,Crossroads,Give way sign or markings,Unclassified,,Darkness: street lights present and lit,Raining (without high winds),Dry,None,None,No overtaking,326990,675000,519864,Junction,Cyclist,361446,unset,EH75NA,Control by other authorised person,Pedestrian phase at traffic signal junction,Elsewhere
519810,,Slight,1,3,20/07/2010,Tuesday,20,July,10,16,45,230,A,701,Single carriageway - 2 lanes,30,'T' or staggered junction,Give way sign or markings,Unclassified,,Daylight: street lights present,Fine (without high winds),Dry,None,None,No overtaking,327390,669230,530188,Junction,S.V.N.P.,361447,unset,EH166JU,No crossing facility within 50m or physical crossing facility not controlled by authorised person,No physical crossing facility within 50m,At scene
520010,,Slight,3,1,16/07/2010,Friday,16,July,10,13,47,230,A,720,Dual carriageway - 2 lanes,70,Not at or within 20 metres of junction,unset,\,,Daylight: no street lighting,Fine (without high winds),Dry,None,None,No overtaking,318660,670270,2582067,Segment,M.V.N.P.,361448,unset,EH144AW,No crossing facility within 50m or physical crossing facility not controlled by authorised person,No physical crossing facility within 50m,At scene
520110,,Slight,2,2,20/07/2010,Tuesday,20,July,10,18,5,230,A,7,Single carriageway - 2 lanes,30,Not at or within 20 metres of junction,unset,\,,Daylight: street lighting unknown,Fine (without high winds),Dry,None,None,No overtaking,327480,671380,568090,Segment,T.V.N.P.,361449,unset,EH165DT,No crossing facility within 50m or physical crossing facility not controlled by authorised person,No physical crossing facility within 50m,At scene
521910,,Slight,3,2,20/07/2010,Tuesday,20,July,10,16,30,230,Unclassified,,Single carriageway - 2 lanes,30,Crossroads,Automatic Traffic Signal,Unclassified,,Daylight: street lights present,Fine (without high winds),Dry,None,None,No overtaking,328800,671640,523773,Junction,M.V.N.P.,361450,unset,EH164AJ,Control by other authorised person,Pedestrian phase at traffic signal junction,Elsewhere
522410,,Slight,2,1,21/07/2010,Wednesday,21,July,10,15,45,230,C,,Single carriageway - 2 lanes,30,'T' or staggered junction,Give way sign or markings,Unclassified,,Daylight: street lights present,Raining (without high winds),Dry,None,None,No overtaking,326860,674170,520695,Junction,T.V.N.P.,361451,unset,EH88EJ,No crossing facility within 50m or physical crossing facility not controlled by authorised person,No physical crossing facility within 50m,At scene
522510,,Slight,2,1,21/07/2010,Wednesday,21,July,10,17,5,230,Unclassified,,Single carriageway - 2 lanes,30,Crossroads,Give way sign or markings,Unclassified,,Daylight: street lights present,Raining (without high winds),Dry,None,None,No overtaking,325740,674440,12222930,Junction,T.V.N.P.,361452,unset,EH13QN,No crossing facility within 50m or physical crossing facility not controlled by authorised person,No physical crossing facility within 50m,At scene