acc_ref,beat_no,severity,no_vehicle,no_casualt,a_date,a_day,a_date_day,a_date_mon,a_date_yr,a_time_hr,a_time_min,loc_auth,road1_class,road1_no,road_type,speed_limi,junc_det,junc_ctrl,road2_class,road2_no,light_cond,weather,road_surf,spec_cond,cway_hzrds,ovrtk_patrn,easting,northing,net_id,net_type,acc_type,text_id,division,Postcode,ped_xing_hc,ped_xing_p,place_reported
522810,,Serious,2,1,21/07/2010,Wednesday,21,July,10,15,40,230,Unclassified,,Single carriageway - 2 lanes,30,Not at or within 20 metres of junction,unset,\,,Daylight: street lights present,Raining (without high winds),Dry,None,None,No overtaking,327640,675900,554672,Segment,T.V.N.P.,361453,unset,EH67ES,No crossing facility within 50m or physical crossing facility not controlled by authorised person,No physical crossing facility within 50m,At scene
523610,,Slight,3,1,18/07/2010,Sunday,18,July,10,18,50,230,Unclassified,,Single carriageway - 2 lanes,30,Other junction,Give way sign or markings,Unclassified,,Daylight: no street lighting,Fine (without high winds),Dry,None,None,No overtaking,329200,674990,523359,Junction,M.V.N.P.,361454,unset,EH76RQ,No crossing facility within 50m or physical crossing facility not controlled by authorised person,No physical crossing facility within 50m,At scene
523810,,Slight,2,2,21/07/2010,Wednesday,21,July,10,19,10,230,A,702,Single carriageway - 2 lanes,30,Crossroads,Automatic Traffic Signal,C,,Daylight: no street lighting,Raining (without high winds),Dry,None,None,No overtaking,324830,673080,521403,Junction,T.V.N.P.,361455,unset,EH39BG,Control by other authorised person,"Pelican, puffin, toucan or similar non-junction pedestrian light crossing",At scene
523910,,Slight,1,1,20/07/2010,Tuesday,20,July,10,15,30,230,Unclassified,,One way Street,30,Not at or within 20 metres of junction,unset,\,,Daylight: street lights present,Fine (without high winds),Dry,None,None,No overtaking,314950,673650,6454438,Segment,Bus,361456,unset,EH129DN,Control by other authorised person,Zebra crossing,Elsewhere
525710,,Slight,2,1,22/07/2010,Thursday,22,July,10,18,45,230,Unclassified,,Single carriageway - 2 lanes,30,Roundabout,Give way sign or markings,Unclassified,,Daylight: street lights present,Fine (without high winds),Dry,None,None,No overtaking,326180,674500,520236,Junction,T.V.N.P.,361457,unset,EH75DX,Control by other authorised person,"Pelican, puffin, toucan or similar non-junction pedestrian light crossing",Elsewhere
525810,,Slight,2,1,22/07/2010,Thursday,22,July,10,16,50,230,A,70,Single carriageway - 2 lanes,30,Not at or within 20 metres of junction,unset,\,,Daylight: street lights present,Fine (without high winds),Dry,None,None,No overtaking,322180,670790,561790,Segment,T.V.N.P.,361458,unset,EH141TQ,No crossing facility within 50m or physical crossing facility not controlled by authorised person,Pedestrian phase at traffic signal junction,At scene
525910,,Slight,1,1,22/07/2010,Thursday,22,July,10,18,50,230,A,702,Single carriageway - 2 lanes,30,'T' or staggered junction,Give way sign or markings,Unclassified,,Daylight: street lights present,Fine (without high winds),Dry,None,None,No overtaking,324530,670930,529837,Junction,Bus,361459,unset,EH104RP,No crossing facility within 50m or physical crossing facility not controlled by authorised person,No physical crossing facility within 50m,Elsewhere
526210,,Slight,1,1,21/07/2010,Wednesday,21,July,10,17,20,230,A,8,Single carriageway - 2 lanes,30,'T' or staggered junction,Automatic Traffic Signal,C,,Daylight: no street lighting,Raining (without high winds),Dry,None,None,No overtaking,325220,673830,521055,Junction,Bus,361460,unset,EH22ER,Control by other authorised person,Pedestrian phase at traffic signal junction,Elsewhere
528910,,Slight,4,8,24/07/2010,Saturday,24,July,10,12,30,230,Motorway,9,Dual carriageway - 2 lanes,70,Not at or within 20 metres of junction,unset,\,,Daylight: no street lighting,Fine (without high winds),Dry,None,None,No overtaking,311740,674260,562735,Segment,M.V.N.P.,361461,unset,EH299EF,No crossing facility within 50m or physical crossing facility not controlled by authorised person,No physical crossing facility within 50m,At scene
530710,,Serious,2,1,25/07/2010,Sunday,25,July,10,12,40,230,Unclassified,,Single carriageway - 2 lanes,30,'T' or staggered junction,Automatic Traffic Signal,Unclassified,,Daylight: no street lighting,Fine (without high winds),Dry,None,None,No overtaking,323440,675820,519409,Junction,Bus,361462,unset,EH52DH,Control by other authorised person,Pedestrian phase at traffic signal junction,At scene
530810,,Slight,2,3,25/07/2010,Sunday,25,July,10,11,0,230,A,1,Single carriageway - 2 lanes,30,Crossroads,Automatic Traffic Signal,C,,Daylight: street lights present,Raining (without high winds),Dry,None,None,No overtaking,329200,673080,523614,Junction,T.V.N.P.,361463,unset,EH151SU,Control by other authorised person,Pedestrian phase at traffic signal junction,At scene
531510,,Slight,2,1,25/07/2010,Sunday,25,July,10,14,55,230,Unclassified,,Roundabout,30,Roundabout,Give way sign or markings,C,,Daylight: street lights present,Fine (without high winds),Dry,None,None,No overtaking,322220,672040,521940,Junction,Cyclist,361464,unset,EH113BQ,No crossing facility within 50m or physical crossing facility not controlled by authorised person,No physical crossing facility within 50m,At scene
532710,,Slight,1,1,26/07/2010,Monday,26,July,10,10,25,230,A,900,Roundabout,30,Roundabout,Give way sign or markings,C,,Daylight: street lights present,Fine (without high winds),Dry,None,None,No overtaking,325990,674350,520620,Junction,Bus,361465,unset,EH13JT,Control by other authorised person,"Pelican, puffin, toucan or similar non-junction pedestrian light crossing",At scene
533110,,Slight,2,1,26/07/2010,Monday,26,July,10,8,30,230,Unclassified,,Single carriageway - 2 lanes,30,Not at or within 20 metres of junction,unset,\,,Daylight: street lights present,Fine (without high winds),Dry,None,None,No overtaking,326590,670780,564331,Segment,Cyclist,361466,unset,EH93JF,No crossing facility within 50m or physical crossing facility not controlled by authorised person,No physical crossing facility within 50m,At scene
534510,,Slight,1,1,26/07/2010,Monday,26,July,10,15,55,230,Unclassified,,Single carriageway - 2 lanes,30,Not at or within 20 metres of junction,unset,\,,Daylight: street lighting unknown,Unknown,Dry,None,None,No overtaking,323680,669120,564896,Segment,Pedestrian,361467,unset,EH139HX,No crossing facility within 50m or physical crossing facility not controlled by authorised person,No physical crossing facility within 50m,At scene
536210,,Slight,2,1,27/07/2010,Tuesday,27,July,10,16,45,230,Unclassified,,Dual carriageway - 2 lanes,30,Roundabout,Give way sign or markings,A,199,Daylight: street lights present,Fine (without high winds),Dry,None,None,No overtaking,329990,674380,530851,Junction,T.V.N.P.,361468,unset,EH76TH,Control by other authorised person,Pedestrian phase at traffic signal junction,At scene
537210,,Slight,2,2,27/07/2010,Tuesday,27,July,10,12,5,230,Unclassified,,Single carriageway - 2 lanes,30,Crossroads,Give way sign or markings,Unclassified,,Daylight: no street lighting,Fine (without high winds),Dry,None,None,No overtaking,311540,677850,517426,Junction,T.V.N.P.,361469,unset,EH309SW,No crossing facility within 50m or physical crossing facility not controlled by authorised person,No physical crossing facility within 50m,Elsewhere
537910,,Serious,1,1,26/07/2010,Monday,26,July,10,11,57,230,Unclassified,,One way Street,30,Not at or within 20 metres of junction,unset,\,,Daylight: street lights present,Fine (without high winds),Dry,None,None,No overtaking,325540,673490,567186,Segment,Pedestrian,361470,unset,EH12HE,No crossing facility within 50m or physical crossing facility not controlled by authorised person,No physical crossing facility within 50m,Elsewhere
538410,,Slight,1,2,28/07/2010,Wednesday,28,July,10,12,25,230,B,1350,Single carriageway - 2 lanes,30,Not at or within 20 metres of junction,unset,\,,Daylight: street lights present,Fine (without high winds),Dry,None,None,No overtaking,326310,674500,557668,Segment,Bus,361471,unset,EH75DX,No crossing facility within 50m or physical crossing facility not controlled by authorised person,No physical crossing facility within 50m,Elsewhere
538510,,Slight,3,2,28/07/2010,Wednesday,28,July,10,8,0,230,A,6106,Single carriageway - 2 lanes,30,Other junction,Give way sign or markings,Unclassified,,Daylight: street lights present,Fine (without high winds),Dry,None,None,No overtaking,330450,672470,523767,Junction,M.V.N.P.,361472,unset,EH153LJ,No crossing facility within 50m or physical crossing facility not controlled by authorised person,No physical crossing facility within 50m,Elsewhere
540110,,Slight,1,1,29/07/2010,Thursday,29,July,10,11,15,230,Unclassified,,Single carriageway - 2 lanes,30,Not at or within 20 metres of junction,unset,\,,Daylight: street lights present,Fine (without high winds),Dry,None,None,No overtaking,326480,676870,0,Unset,Bus,361473,unset,EH66NL,Control by other authorised person,Pedestrian phase at traffic signal junction,Elsewhere
540610,,Slight,2,1,25/07/2010,Sunday,25,July,10,14,30,230,A,772,Single carriageway - 2 lanes,30,Crossroads,Automatic Traffic Signal,C,,Daylight: street lights present,Fine (without high winds),Dry,None,None,No overtaking,328060,669950,530179,Junction,T.V.N.P.,361474,unset,EH165UR,Control by other authorised person,Pedestrian phase at traffic signal junction,At scene
540810,,Slight,2,3,29/07/2010,Thursday,29,July,10,11,10,230,Unclassified,,Single carriageway - 2 lanes,30,Mini-roundabout,Give way sign or markings,Unclassified,,Daylight: street lights present,Fine (without high winds),Dry,None,None,No overtaking,320560,675440,519753,Junction,T.V.N.P.,361475,unset,EH45BY,Control by other authorised person,Zebra crossing,At scene
541310,,Slight,2,1,30/07/2010,Friday,30,July,10,7,0,230,A,702,Single carriageway - 2 lanes,30,Multiple junction,Automatic Traffic Signal,Unclassified,,Daylight: street lights present,Fine (without high winds),Dry,None,None,No overtaking,324900,672960,533374,Junction,Cyclist,361476,unset,EH39LY,Control by other authorised person,Pedestrian phase at traffic signal junction,Elsewhere
542710,,Slight,3,1,30/07/2010,Friday,30,July,10,7,40,230,Motorway,8,Dual carriageway - 2 lanes,70,Not at or within 20 metres of junction,unset,\,,Daylight: no street lighting,Fine (without high winds),Dry,None,None,No overtaking,317830,670750,6452850,Segment,M.V.N.P.,361477,unset,EH129BU,No crossing facility within 50m or physical crossing facility not controlled by authorised person,No physical crossing facility within 50m,At scene
543310,,Slight,2,1,30/07/2010,Friday,30,July,10,12,40,230,A,90,Single carriageway - 2 lanes,40,Not at or within 20 metres of junction,unset,\,,Daylight: no street lighting,Fine (without high winds),Dry,None,None,No overtaking,321460,674950,555672,Segment,T.V.N.P.,361478,unset,EH45DB,No crossing facility within 50m or physical crossing facility not controlled by authorised person,"Pelican, puffin, toucan or similar non-junction pedestrian light crossing",At scene
543510,,Slight,2,1,30/07/2010,Friday,30,July,10,11,10,230,A,8,Single carriageway - 2 lanes,30,'T' or staggered junction,Give way sign or markings,Unclassified,,Daylight: street lights present,Fine (without high winds),Dry,None,None,No overtaking,319770,672970,521700,Junction,Cyclist,361479,unset,EH128AY,No crossing facility within 50m or physical crossing facility not controlled by authorised person,No physical crossing facility within 50m,Elsewhere
543710,,Slight,2,1,29/07/2010,Thursday,29,July,10,12,9,230,A,71,Single carriageway - 2 lanes,30,Not at or within 20 metres of junction,unset,\,,Daylight: street lighting unknown,Fine (without high winds),Dry,None,None,No overtaking,322790,672220,549713,Segment,T.V.N.P.,361480,unset,EH112QZ,No crossing facility within 50m or physical crossing facility not controlled by authorised person,Pedestrian phase at traffic signal junction,At scene
543910,,Slight,1,1,27/07/2010,Tuesday,27,July,10,13,50,230,C,,Single carriageway - 2 lanes,30,Other junction,Give way sign or markings,Unclassified,,Daylight: no street lighting,Fine (without high winds),Dry,None,None,No overtaking,324330,672810,521835,Junction,Bus,361481,unset,EH111AL,No crossing facility within 50m or physical crossing facility not controlled by authorised person,No physical crossing facility within 50m,Elsewhere
544110,,Slight,2,1,30/07/2010,Friday,30,July,10,21,0,230,Unclassified,,Single carriageway - 2 lanes,30,Not at or within 20 metres of junction,unset,\,,Daylight: street lights present,Fine (without high winds),Dry,None,None,No overtaking,325470,676190,563577,Segment,Cyclist,361482,unset,EH64ST,Control by other authorised person,Pedestrian phase at traffic signal junction,Elsewhere
544410,,Slight,1,1,30/07/2010,Friday,30,July,10,22,25,230,Unclassified,,Single carriageway - 2 lanes,30,'T' or staggered junction,Give way sign or markings,Unclassified,,Darkness: street lights present and lit,Fine (without high winds),Dry,None,None,No overtaking,321790,672150,0,Unset,Pedestrian,361483,unset,EH113BD,No crossing facility within 50m or physical crossing facility not controlled by authorised person,No physical crossing facility within 50m,At scene
546410,,Slight,3,2,31/07/2010,Saturday,31,July,10,15,25,230,B,701,Single carriageway - 2 lanes,30,'T' or staggered junction,Give way sign or markings,Unclassified,,Daylight: street lights present,Fine (without high winds),Dry,None,None,No overtaking,319150,673880,520791,Junction,M.V.N.P.,361484,unset,EH128TD,Control by other authorised person,"Pelican, puffin, toucan or similar non-junction pedestrian light crossing",At scene
546510,,Slight,1,1,29/07/2010,Thursday,29,July,10,17,50,230,Unclassified,,Single carriageway - 2 lanes,30,Not at or within 20 metres of junction,unset,\,,Daylight: street lights present,Fine (without high winds),Dry,None,None,No overtaking,323300,676870,0,Unset,Pedestrian,361485,unset,EH51PB,No crossing facility within 50m or physical crossing facility not controlled by authorised person,No physical crossing facility within 50m,At scene
551810,,Slight,2,1,02/08/2010,Monday,2,August,10,17,15,230,Unclassified,,Single carriageway - 2 lanes,30,Not at or within 20 metres of junction,unset,\,,Daylight: street lights present,Fine (without high winds),Dry,Road works present,Any animal in carriagway (except riden hors,No overtaking,325550,671530,559129,Segment,Cyclist,350414,unset,EH92DY,No crossing facility within 50m or physical crossing facility not controlled by authorised person,No physical crossing facility within 50m,At scene
552410,,Slight,2,2,02/08/2010,Monday,2,August,10,18,0,230,A,90,Single carriageway - 2 lanes,30,Multiple junction,Automatic Traffic Signal,A,902,Daylight: no street lighting,Fine (without high winds),Dry,None,None,No overtaking,321580,674890,520032,Junction,T.V.N.P.,350415,unset,EH43TH,Control by other authorised person,"Pelican, puffin, toucan or similar non-junction pedestrian light crossing",At scene
553010,,Slight,2,2,02/08/2010,Monday,2,August,10,18,15,230,A,900,Single carriageway - 2 lanes,30,Crossroads,Automatic Traffic Signal,A,901,Daylight: street lights present,Fine (without high winds),Dry,None,None,No overtaking,326940,675890,522483,Junction,T.V.N.P.,350416,unset,EH65AE,Control by other authorised person,Pedestrian phase at traffic signal junction,At scene
553510,,Slight,1,1,03/08/2010,Tuesday,3,August,10,13,40,230,Unclassified,,Single carriageway - 2 lanes,30,'T' or staggered junction,Give way sign or markings,A,702,Daylight: street lights present,Fine (without high winds),Dry,None,None,No overtaking,324510,671280,530425,Junction,Pedestrian,350417,unset,EH104PU,No crossing facility within 50m or physical crossing facility not controlled by authorised person,No physical crossing facility within 50m,At scene
554210,,Slight,3,2,03/08/2010,Tuesday,3,August,10,14,35,230,A,90,Dual carriageway - 2 lanes,70,Slip road,Give way sign or markings,B,924,Daylight: street lights present,Fine (without high winds),Dry,None,None,No overtaking,316170,677020,517432,Junction,M.V.N.P.,350418,unset,EH309TQ,No crossing facility within 50m or physical crossing facility not controlled by authorised person,No physical crossing facility within 50m,At scene
555110,,Serious,1,1,25/07/2010,Sunday,25,July,10,15,35,230,C,,Single carriageway - 2 lanes,30,Other junction,Automatic Traffic Signal,Unclassified,,Daylight: street lights present,Fine (without high winds),Dry,None,None,No overtaking,325620,674290,520572,Junction,Bus,361486,unset,EH13PG,No crossing facility within 50m or physical crossing facility not controlled by authorised person,No physical crossing facility within 50m,At scene
555410,,Serious,1,1,31/07/2010,Saturday,31,July,10,17,55,230,Unclassified,,Single carriageway - 2 lanes,30,Other junction,Give way sign or markings,Unclassified,,Daylight: no street lighting,Fine (without high winds),Dry,None,None,No overtaking,327630,674290,520752,Junction,S.V.N.P.,361487,unset,EH76AA,No crossing facility within 50m or physical crossing facility not controlled by authorised person,No physical crossing facility within 50m,At scene
556810,,Slight,1,1,04/08/2010,Wednesday,4,August,10,16,35,230,A,701,Single carriageway - 2 lanes,30,Not at or within 20 metres of junction,unset,\,,Daylight: street lights present,Fine (without high winds),Dry,None,None,No overtaking,326990,671360,569339,Segment,Bus,350419,unset,EH165PF,No crossing facility within 50m or physical crossing facility not controlled by authorised person,No physical crossing facility within 50m,At scene
557110,,Slight,1,1,04/08/2010,Wednesday,4,August,10,16,40,230,Unclassified,,Single carriageway - 2 lanes,20,'T' or staggered junction,Give way sign or markings,A,90,Daylight: street lights present,Fine (without high winds),Dry,None,None,No overtaking,319570,674980,519981,Junction,Pedestrian,350420,unset,EH47ND,Control by other authorised person,"Pelican, puffin, toucan or similar non-junction pedestrian light crossing",At scene
557510,,Slight,1,1,04/08/2010,Wednesday,4,August,10,16,31,230,Unclassified,,Single carriageway - 2 lanes,30,Not at or within 20 metres of junction,unset,\,,Daylight: street lights present,Fine (without high winds),Dry,None,None,No overtaking,322540,672440,559248,Segment,Bus,350421,unset,EH112QE,No crossing facility within 50m or physical crossing facility not controlled by authorised person,No physical crossing facility within 50m,Elsewhere
557910,,Slight,2,1,04/08/2010,Wednesday,4,August,10,15,30,230,Unclassified,,Single carriageway - 2 lanes,30,'T' or staggered junction,Give way sign or markings,Unclassified,,Daylight: street lights present,Fine (without high winds),Dry,None,None,No overtaking,322420,674530,0,Unset,T.V.N.P.,350422,unset,EH42LN,Control by other authorised person,Central refuge - no other controls,At scene
558110,,Slight,2,4,04/08/2010,Wednesday,4,August,10,13,0,230,Motorway,8,Dual carriageway - 2 lanes,70,Not at or within 20 metres of junction,unset,\,,Daylight: street lights present,Fine (without high winds),Dry,None,None,No overtaking,318050,670920,6452850,Segment,T.V.N.P.,350423,unset,EH129BU,No crossing facility within 50m or physical crossing facility not controlled by authorised person,No physical crossing facility within 50m,At scene
559110,,Slight,1,1,04/08/2010,Wednesday,4,August,10,15,30,230,A,8,Single carriageway - 2 lanes,30,Other junction,Give way sign or markings,Unclassified,,Daylight: street lights present,Fine (without high winds),Dry,None,None,No overtaking,323350,673210,521289,Junction,Bus,350424,unset,EH125JQ,Control by other authorised person,"Pelican, puffin, toucan or similar non-junction pedestrian light crossing",Elsewhere
559310,,Slight,2,1,04/08/2010,Wednesday,4,August,10,15,45,230,A,90,Single carriageway - 2 lanes,30,'T' or staggered junction,Stop sign,Unclassified,,Daylight: street lights present,Fine (without high winds),Dry,None,None,No overtaking,322020,674580,520044,Junction,Cyclist,350425,unset,EH42BS,Control by other authorised person,Pedestrian phase at traffic signal junction,Elsewhere
560010,,Serious,1,1,05/08/2010,Thursday,5,August,10,20,30,230,A,700,Single carriageway - 2 lanes,30,Other junction,Give way sign or markings,Unclassified,,Darkness: street lights present and lit,Fine (without high winds),Dry,None,None,No overtaking,326240,672470,532780,Junction,Pedestrian,350426,unset,EH91NQ,Control by other authorised person,Pedestrian phase at traffic signal junction,At scene
560210,,Slight,1,1,05/08/2010,Thursday,5,August,10,19,45,230,C,,Single carriageway - 2 lanes,30,Not at or within 20 metres of junction,unset,\,,Daylight: street lights present,Fine (without high winds),Dry,None,Pedestrian in carriagway - not injured,No overtaking,325830,673630,558188,Segment,Pedestrian,350427,unset,EH11PE,No crossing facility within 50m or physical crossing facility not controlled by authorised person,No physical crossing facility within 50m,Elsewhere
561410,,Slight,2,3,05/08/2010,Thursday,5,August,10,13,46,230,B,6415,Single carriageway - 2 lanes,30,Crossroads,Give way sign or markings,Unclassified,,Daylight: street lights present,Fine (without high winds),Dry,None,None,No overtaking,331160,673570,531382,Junction,T.V.N.P.,350428,unset,EH152DQ,No crossing facility within 50m or physical crossing facility not controlled by authorised person,No physical crossing facility within 50m,At scene
561710,,Slight,1,1,05/08/2010,Thursday,5,August,10,20,50,230,A,90,Single carriageway - 2 lanes,30,Not at or within 20 metres of junction,unset,\,,Daylight: street lights present,Fine (without high winds),Dry,None,None,No overtaking,324620,673700,555627,Segment,Bus,350429,unset,EH24RA,No crossing facility within 50m or physical crossing facility not controlled by authorised person,No physical crossing facility within 50m,Elsewhere
563510,,Slight,1,1,07/08/2010,Saturday,7,August,10,0,5,230,A,701,Single carriageway - 2 lanes,30,Not at or within 20 metres of junction,unset,\,,Darkness: street lights present and lit,Fine (without high winds),Dry,None,None,No overtaking,327270,668720,570778,Segment,S.V.N.P.,350430,unset,EH166NE,No crossing facility within 50m or physical crossing facility not controlled by authorised person,No physical crossing facility within 50m,At scene
563710,,Slight,2,1,06/08/2010,Friday,6,August,10,17,20,230,Unclassified,,Single carriageway - 2 lanes,30,Mini-roundabout,Give way sign or markings,Unclassified,,Daylight: street lighting unknown,Raining (without high winds),Dry,None,None,No overtaking,323800,671640,12227378,Junction,Cyclist,350431,unset,EH105BL,No crossing facility within 50m or physical crossing facility not controlled by authorised person,No physical crossing facility within 50m,Elsewhere
563910,,Slight,2,5,06/08/2010,Friday,6,August,10,20,30,230,Unclassified,,Single carriageway - 2 lanes,30,Crossroads,Automatic Traffic Signal,Unclassified,,Daylight: street lights present,Fine (without high winds),Dry,None,None,No overtaking,323660,671850,522279,Junction,T.V.N.P.,350432,unset,EH105BW,No crossing facility within 50m or physical crossing facility not controlled by authorised person,Pedestrian phase at traffic signal junction,At scene
565810,,Slight,1,1,05/08/2010,Thursday,5,August,10,19,50,230,Unclassified,,Single carriageway - 2 lanes,30,Not at or within 20 metres of junction,unset,\,,Daylight: street lights present,Fine (without high winds),Dry,None,None,No overtaking,322060,671180,0,Unset,Pedestrian,350433,unset,EH141RL,No crossing facility within 50m or physical crossing facility not controlled by authorised person,No physical crossing facility within 50m,At scene
566010,,Serious,5,1,07/08/2010,Saturday,7,August,10,10,45,230,Unclassified,,Single carriageway - 2 lanes,30,Not at or within 20 metres of junction,unset,\,,Daylight: street lights present,Fine (without high winds),Dry,None,None,No overtaking,325810,674470,12222952,Segment,Cyclist,350434,unset,EH13QR,No crossing facility within 50m or physical crossing facility not controlled by authorised person,No physical crossing facility within 50m,At scene
568010,,Slight,1,1,09/08/2010,Monday,9,August,10,14,10,230,Unclassified,,Single carriageway - 2 lanes,30,Not at or within 20 metres of junction,unset,\,,Daylight: street lights present,Raining (without high winds),Dry,None,None,No overtaking,313650,678360,3948181,Segment,Pedestrian,350435,unset,EH309TB,No crossing facility within 50m or physical crossing facility not controlled by authorised person,No physical crossing facility within 50m,Elsewhere
568310,,Slight,1,1,09/08/2010,Monday,9,August,10,14,30,230,Unclassified,,Single carriageway - 2 lanes,30,Roundabout,Give way sign or markings,Unclassified,,Daylight: no street lighting,Raining (without high winds),Dry,None,None,No overtaking,325720,673740,2310553,Junction,Pedestrian,350436,unset,EH11DF,No crossing facility within 50m or physical crossing facility not controlled by authorised person,Central refuge - no other controls,At scene
568710,,Serious,1,1,09/08/2010,Monday,9,August,10,15,0,230,A,90,Dual carriageway - 2 lanes,30,Not at or within 20 metres of junction,unset,\,,Daylight: street lights present,Raining (without high winds),Dry,None,None,No overtaking,322430,674420,555552,Segment,Pedestrian,350437,unset,EH42BG,Control by other authorised person,Pedestrian phase at traffic signal junction,At scene
569910,,Slight,1,1,09/08/2010,Monday,9,August,10,7,25,230,A,7,Single carriageway - 2 lanes,30,Other junction,Give way sign or markings,Unclassified,,Daylight: street lights present,Fine (without high winds),Dry,None,None,No overtaking,326090,673170,521580,Junction,Pedestrian,350438,unset,EH89BZ,No crossing facility within 50m or physical crossing facility not controlled by authorised person,No physical crossing facility within 50m,At scene
572610,,Fatal,4,1,10/08/2010,Tuesday,10,August,10,22,59,230,Motorway,8,Dual carriageway - 2 lanes,70,Not at or within 20 metres of junction,unset,\,,Darkness: no street lighting,Fine (without high winds),Dry,None,None,No overtaking,317430,670460,6452039,Segment,Pedestrian,350439,unset,EH129BU,No crossing facility within 50m or physical crossing facility not controlled by authorised person,No physical crossing facility within 50m,At scene
573310,,Slight,3,1,11/08/2010,Wednesday,11,August,10,9,20,230,C,,Single carriageway - 2 lanes,30,'T' or staggered junction,Give way sign or markings,Unclassified,,Daylight: no street lighting,Fine (without high winds),Dry,None,None,No overtaking,320480,671790,522138,Junction,M.V.N.P.,350440,unset,EH113NR,No crossing facility within 50m or physical crossing facility not controlled by authorised person,Pedestrian phase at traffic signal junction,At scene
574110,,Slight,1,1,11/08/2010,Wednesday,11,August,10,13,0,230,A,8,One way Street,30,Other junction,Give way sign or markings,A,8,Daylight: street lights present,Fine (without high winds),Dry,None,None,No overtaking,324260,673320,521325,Junction,Bus,350441,unset,EH38JQ,No crossing facility within 50m or physical crossing facility not controlled by authorised person,Pedestrian phase at traffic signal junction,Elsewhere
575210,,Slight,2,1,11/08/2010,Wednesday,11,August,10,18,0,230,Unclassified,,Single carriageway - 2 lanes,30,Crossroads,Give way sign or markings,Unclassified,,Daylight: street lights present,Raining (without high winds),Dry,None,None,No overtaking,324340,671980,12227406,Junction,Cyclist,350442,unset,EH105AN,No crossing facility within 50m or physical crossing facility not controlled by authorised person,No physical crossing facility within 50m,Elsewhere
576210,,Slight,2,1,12/08/2010,Thursday,12,August,10,9,35,230,C,,Roundabout,30,Roundabout,Give way sign or markings,Unclassified,,Daylight: street lights present,Fine (without high winds),Dry,None,None,No overtaking,323550,674600,520089,Junction,Cyclist,350443,unset,EH41BG,Control by other authorised person,"Pelican, puffin, toucan or similar non-junction pedestrian light crossing",At scene
576310,,Slight,2,1,12/08/2010,Thursday,12,August,10,10,50,230,A,701,Single carriageway - 2 lanes,30,'T' or staggered junction,Give way sign or markings,Unclassified,,Daylight: street lights present,Fine (without high winds),Dry,None,None,No overtaking,327380,669070,530185,Junction,Cyclist,350444,unset,EH166TE,No crossing facility within 50m or physical crossing facility not controlled by authorised person,No physical crossing facility within 50m,Elsewhere
576410,,Slight,2,1,11/08/2010,Wednesday,11,August,10,9,0,230,Unclassified,,Single carriageway - 2 lanes,30,'T' or staggered junction,Give way sign or markings,Unclassified,,Daylight: street lights present,Fine (without high winds),Dry,None,None,No overtaking,327100,676390,0,Unset,Cyclist,350445,unset,EH66SU,No crossing facility within 50m or physical crossing facility not controlled by authorised person,No physical crossing facility within 50m,Elsewhere
576610,,Slight,2,1,11/08/2010,Wednesday,11,August,10,10,30,230,A,902,Single carriageway - 2 lanes,30,Other junction,Automatic Traffic Signal,Unclassified,,Daylight: street lights present,Unknown,Dry,None,None,No overtaking,322480,674950,520062,Junction,T.V.N.P.,350446,unset,EH42LZ,No crossing facility within 50m or physical crossing facility not controlled by authorised person,No physical crossing facility within 50m,At scene
576910,,Slight,2,1,12/08/2010,Thursday,12,August,10,11,22,230,B,901,Roundabout,30,Roundabout,Give way sign or markings,C,,Daylight: street lights present,Fine (without high winds),Dry,None,None,No overtaking,325730,674670,520206,Junction,Cyclist,350447,unset,EH36LX,No crossing facility within 50m or physical crossing facility not controlled by authorised person,No physical crossing facility within 50m,Elsewhere
577110,,Slight,2,1,12/08/2010,Thursday,12,August,10,11,30,230,A,902,Single carriageway - 2 lanes,30,Other junction,Automatic Traffic Signal,Unclassified,,Daylight: street lights present,Fine (without high winds),Dry,None,None,No overtaking,322260,674900,520050,Junction,T.V.N.P.,350448,unset,EH42LX,No crossing facility within 50m or physical crossing facility not controlled by authorised person,Pedestrian phase at traffic signal junction,At scene