acc_ref,beat_no,severity,no_vehicle,no_casualt,a_date,a_day,a_date_day,a_date_mon,a_date_yr,a_time_hr,a_time_min,loc_auth,road1_class,road1_no,road_type,speed_limi,junc_det,junc_ctrl,road2_class,road2_no,light_cond,weather,road_surf,spec_cond,cway_hzrds,ovrtk_patrn,easting,northing,net_id,net_type,acc_type,text_id,division,Postcode,ped_xing_hc,ped_xing_p,place_reported
577210,,Slight,2,1,11/08/2010,Wednesday,11,August,10,9,45,230,B,701,Single carriageway - 2 lanes,30,'T' or staggered junction,Give way sign or markings,Unclassified,,Daylight: street lights present,Fine (without high winds),Dry,None,None,No overtaking,318970,674550,519924,Junction,T.V.N.P.,350449,unset,EH48AT,No crossing facility within 50m or physical crossing facility not controlled by authorised person,No physical crossing facility within 50m,At scene
577810,,Serious,2,1,12/08/2010,Thursday,12,August,10,17,24,230,A,7,Single carriageway - 2 lanes,30,'T' or staggered junction,Give way sign or markings,Unclassified,,Daylight: street lights present,Fine (without high winds),Dry,None,None,No overtaking,326290,672700,532693,Junction,Cyclist,350450,unset,EH89JG,No crossing facility within 50m or physical crossing facility not controlled by authorised person,No physical crossing facility within 50m,At scene
577910,,Slight,2,1,12/08/2010,Thursday,12,August,10,8,30,230,A,90,Single carriageway - 2 lanes,30,Crossroads,Automatic Traffic Signal,A,90,Daylight: street lights present,Fine (without high winds),Dry,None,None,No overtaking,323830,674240,520464,Junction,Cyclist,350451,unset,EH41NZ,No crossing facility within 50m or physical crossing facility not controlled by authorised person,No physical crossing facility within 50m,At scene
578010,,Slight,1,1,12/08/2010,Thursday,12,August,10,7,40,230,Unclassified,,Single carriageway - 2 lanes,30,Other junction,Automatic Traffic Signal,Unclassified,,Daylight: street lights present,Fine (without high winds),Dry,None,None,No overtaking,327390,674370,520725,Junction,Bus,350452,unset,EH75TA,No crossing facility within 50m or physical crossing facility not controlled by authorised person,No physical crossing facility within 50m,Elsewhere
579710,,Slight,2,1,12/08/2010,Thursday,12,August,10,16,5,230,Unclassified,,Single carriageway - 2 lanes,30,'T' or staggered junction,Give way sign or markings,Unclassified,,Daylight: street lights present,Fine (without high winds),Dry,None,None,No overtaking,319410,669770,12338063,Junction,T.V.N.P.,350453,unset,EH142SR,No crossing facility within 50m or physical crossing facility not controlled by authorised person,No physical crossing facility within 50m,At scene
580010,,Slight,2,1,13/08/2010,Friday,13,August,10,17,30,230,Motorway,8,Dual carriageway - 2 lanes,70,Not at or within 20 metres of junction,unset,\,,Daylight: street lights present,Fine (without high winds),Dry,None,None,No overtaking,317430,670460,6452039,Segment,T.V.N.P.,350454,unset,EH129BU,No crossing facility within 50m or physical crossing facility not controlled by authorised person,No physical crossing facility within 50m,At scene
581610,,Slight,2,1,13/08/2010,Friday,13,August,10,12,5,230,Unclassified,,Single carriageway - 2 lanes,30,'T' or staggered junction,Give way sign or markings,Unclassified,,Daylight: street lights present,Fine (without high winds),Dry,None,None,No overtaking,327180,675760,519544,Junction,Cyclist,350455,unset,EH68HW,Control by other authorised person,"Pelican, puffin, toucan or similar non-junction pedestrian light crossing",At scene
581710,,Slight,3,5,14/08/2010,Saturday,14,August,10,15,0,230,Motorway,8,Dual carriageway - 2 lanes,70,Not at or within 20 metres of junction,unset,\,,Daylight: no street lighting,Fine (without high winds),Dry,None,None,No overtaking,317940,670830,6452850,Segment,M.V.N.P.,350456,unset,EH129BU,No crossing facility within 50m or physical crossing facility not controlled by authorised person,No physical crossing facility within 50m,At scene
582010,,Serious,1,1,14/08/2010,Saturday,14,August,10,14,19,230,Unclassified,,Unknown,30,Not at or within 20 metres of junction,unset,\,,Daylight: no street lighting,Fine (without high winds),Dry,None,None,No overtaking,318330,675330,0,Unset,S.V.N.P.,350457,unset,EH46QL,No crossing facility within 50m or physical crossing facility not controlled by authorised person,No physical crossing facility within 50m,At scene
583510,,Slight,2,1,15/08/2010,Sunday,15,August,10,13,33,230,A,90,Dual carriageway - 2 lanes,50,Not at or within 20 metres of junction,unset,\,,Daylight: street lights present,Fine (without high winds),Dry,None,None,No overtaking,312480,678540,555393,Segment,T.V.N.P.,350458,unset,EH309SQ,No crossing facility within 50m or physical crossing facility not controlled by authorised person,No physical crossing facility within 50m,At scene
584810,,Slight,2,2,14/08/2010,Saturday,14,August,10,13,45,230,A,8000,Roundabout,30,Roundabout,Give way sign or markings,Unclassified,,Daylight: street lights present,Fine (without high winds),Dry,None,None,No overtaking,312930,677590,10292768,Junction,T.V.N.P.,350459,unset,EH309PA,Control by other authorised person,"Pelican, puffin, toucan or similar non-junction pedestrian light crossing",At scene
585410,,Slight,4,2,11/08/2010,Wednesday,11,August,10,18,0,230,A,71,Dual carriageway - 2 lanes,60,Not at or within 20 metres of junction,unset,\,,Daylight: street lights present,Raining (without high winds),Dry,None,None,No overtaking,320830,671150,562816,Segment,M.V.N.P.,350460,unset,EH113PA,No crossing facility within 50m or physical crossing facility not controlled by authorised person,No physical crossing facility within 50m,Elsewhere
586510,,Serious,2,1,15/08/2010,Sunday,15,August,10,13,10,230,Motorway,8,Dual carriageway - 2 lanes,70,Not at or within 20 metres of junction,unset,\,,Daylight: no street lighting,Fine (without high winds),Dry,None,None,No overtaking,317670,670620,6452039,Segment,T.V.N.P.,350461,unset,EH129BU,No crossing facility within 50m or physical crossing facility not controlled by authorised person,No physical crossing facility within 50m,At scene
588810,,Slight,2,1,17/08/2010,Tuesday,17,August,10,12,50,230,A,199,Single carriageway - 2 lanes,30,Other junction,Give way sign or markings,Unclassified,,Daylight: street lights present,Fine (without high winds),Dry,None,None,No overtaking,327220,676480,519274,Junction,T.V.N.P.,350462,unset,EH66SH,No crossing facility within 50m or physical crossing facility not controlled by authorised person,Pedestrian phase at traffic signal junction,At scene
589210,,Slight,2,1,16/08/2010,Monday,16,August,10,10,41,230,A,701,Single carriageway - 2 lanes,30,Other junction,Automatic Traffic Signal,Unclassified,,Daylight: no street lighting,Fine (without high winds),Dry,None,None,No overtaking,326730,671830,529477,Junction,Cyclist,350463,unset,EH91SB,No crossing facility within 50m or physical crossing facility not controlled by authorised person,No physical crossing facility within 50m,At scene
590110,,Slight,2,1,12/08/2010,Thursday,12,August,10,15,0,230,Unclassified,,Single carriageway - 2 lanes,30,Not at or within 20 metres of junction,unset,\,,Daylight: street lights present,Fine (without high winds),Dry,None,None,No overtaking,327880,674800,0,Unset,Cyclist,350464,unset,EH76DF,No crossing facility within 50m or physical crossing facility not controlled by authorised person,No physical crossing facility within 50m,Elsewhere
591710,,Slight,1,2,17/08/2010,Tuesday,17,August,10,16,18,230,A,8,Single carriageway - 2 lanes,30,Crossroads,Automatic Traffic Signal,A,8,Daylight: street lights present,Fine (without high winds),Dry,None,None,No overtaking,324730,673670,522381,Junction,Bus,350465,unset,EH24BL,Control by other authorised person,Pedestrian phase at traffic signal junction,At scene
592910,,Slight,3,1,18/08/2010,Wednesday,18,August,10,16,43,230,A,901,Single carriageway - 2 lanes,30,'T' or staggered junction,Give way sign or markings,Unclassified,,Daylight: street lights present,Fine (without high winds),Dry,None,None,No overtaking,326280,676840,518530,Junction,M.V.N.P.,350466,unset,EH64ER,No crossing facility within 50m or physical crossing facility not controlled by authorised person,No physical crossing facility within 50m,At scene
594010,,Slight,1,1,19/08/2010,Thursday,19,August,10,0,15,230,Unclassified,,Single carriageway - 2 lanes,30,Not at or within 20 metres of junction,unset,\,,Darkness: street lights present and lit,Fine (without high winds),Dry,None,None,No overtaking,318000,672750,550926,Segment,S.V.N.P.,350467,unset,EH128NE,No crossing facility within 50m or physical crossing facility not controlled by authorised person,No physical crossing facility within 50m,At scene
594910,,Slight,2,1,19/08/2010,Thursday,19,August,10,9,0,230,B,701,Single carriageway - 2 lanes,30,'T' or staggered junction,Give way sign or markings,Unclassified,,Daylight: street lighting unknown,Fine (without high winds),Dry,None,None,No overtaking,319140,673950,520788,Junction,T.V.N.P.,350468,unset,EH128TH,No crossing facility within 50m or physical crossing facility not controlled by authorised person,"Pelican, puffin, toucan or similar non-junction pedestrian light crossing",At scene
595210,,Slight,1,1,19/08/2010,Thursday,19,August,10,11,25,230,Unclassified,,Single carriageway - 2 lanes,20,Not at or within 20 metres of junction,unset,\,,Daylight: street lights present,Fine (without high winds),Dry,None,None,No overtaking,326670,672550,0,Unset,Pedestrian,350469,unset,EH165BH,Control by school crossing patrol,"Pelican, puffin, toucan or similar non-junction pedestrian light crossing",At scene
596510,,Slight,1,2,19/08/2010,Thursday,19,August,10,20,30,230,A,7,Single carriageway - 2 lanes,30,Other junction,Automatic Traffic Signal,A,7,Darkness: street lights present and lit,Fine (without high winds),Dry,None,None,No overtaking,325930,673660,521103,Junction,Pedestrian,350470,unset,EH11PD,No crossing facility within 50m or physical crossing facility not controlled by authorised person,Pedestrian phase at traffic signal junction,At scene
596910,,Slight,2,1,19/08/2010,Thursday,19,August,10,6,1,230,A,900,Single carriageway - 2 lanes,30,Not at or within 20 metres of junction,unset,\,,Daylight: street lights present,Fine (without high winds),Dry,None,None,No overtaking,326230,674670,12222104,Junction,T.V.N.P.,350471,unset,EH74AA,No crossing facility within 50m or physical crossing facility not controlled by authorised person,Pedestrian phase at traffic signal junction,At scene
597510,,Slight,2,1,08/08/2010,Sunday,8,August,10,14,30,230,A,90,Single carriageway - 2 lanes,30,Not at or within 20 metres of junction,unset,\,,Daylight: no street lighting,Fine (without high winds),Dry,None,None,No overtaking,324620,673700,555627,Segment,T.V.N.P.,350472,unset,EH24RA,Control by other authorised person,Pedestrian phase at traffic signal junction,Elsewhere
599010,,Slight,1,1,20/08/2010,Friday,20,August,10,17,20,230,Unclassified,,Single carriageway - 2 lanes,30,Not at or within 20 metres of junction,unset,\,,Daylight: street lights present,Fine (without high winds),Dry,None,None,No overtaking,320040,671610,559338,Segment,Pedestrian,350473,unset,EH113SN,Control by other authorised person,"Pelican, puffin, toucan or similar non-junction pedestrian light crossing",At scene
599310,,Slight,3,1,20/08/2010,Friday,20,August,10,18,25,230,A,8,Dual carriageway - 2 lanes,40,Not at or within 20 metres of junction,unset,\,,Daylight: no street lighting,Fine (without high winds),Dry,None,None,No overtaking,315110,672410,550797,Segment,M.V.N.P.,350474,unset,EH288NQ,No crossing facility within 50m or physical crossing facility not controlled by authorised person,No physical crossing facility within 50m,\3
600110,,Slight,2,2,16/08/2010,Monday,16,August,10,16,45,230,Unclassified,,Single carriageway - 2 lanes,30,Not at or within 20 metres of junction,unset,\,,Daylight: street lights present,Fine (without high winds),Dry,None,None,No overtaking,312160,669560,12231389,Segment,T.V.N.P.,350475,unset,EH278BBA,No crossing facility within 50m or physical crossing facility not controlled by authorised person,No physical crossing facility within 50m,At scene
600510,,Slight,2,1,21/08/2010,Saturday,21,August,10,13,40,230,Motorway,8,Dual carriageway - 2 lanes,70,Not at or within 20 metres of junction,unset,\,,Daylight: street lights present,Fine (without high winds),Dry,None,None,No overtaking,317830,670750,6452850,Segment,T.V.N.P.,350476,unset,EH129BU,No crossing facility within 50m or physical crossing facility not controlled by authorised person,No physical crossing facility within 50m,At scene
601310,,Slight,1,1,19/08/2010,Thursday,19,August,10,20,36,230,A,8,Single carriageway - 2 lanes,30,Other junction,Give way sign or markings,Unclassified,,Darkness: street lights present and lit,Fine (without high winds),Dry,None,None,No overtaking,324450,673520,520881,Junction,Bus,350477,unset,EH37AL,Control by other authorised person,Pedestrian phase at traffic signal junction,Elsewhere
601610,,Slight,1,1,21/08/2010,Saturday,21,August,10,20,30,230,A,702,Single carriageway - 2 lanes,30,Multiple junction,Automatic Traffic Signal,A,8,Daylight: no street lighting,Fine (without high winds),Dry,None,None,No overtaking,324720,673660,522381,Junction,Pedestrian,350478,unset,EH12DA,Control by other authorised person,Pedestrian phase at traffic signal junction,At scene
602510,,Slight,2,1,20/08/2010,Friday,20,August,10,10,45,230,A,702,Dual carriageway - 2 lanes,30,'T' or staggered junction,Automatic Traffic Signal,A,8,Daylight: no street lighting,Fine (without high winds),Dry,None,None,No overtaking,324690,673670,520920,Junction,Cyclist,350479,unset,EH12AD,Control by other authorised person,Pedestrian phase at traffic signal junction,Elsewhere
603010,,Slight,2,1,22/08/2010,Sunday,22,August,10,12,16,230,Motorway,8,Dual carriageway - 2 lanes,70,Not at or within 20 metres of junction,unset,\,,Daylight: no street lighting,Fine (without high winds),Dry,None,None,No overtaking,317840,670760,6452850,Segment,T.V.N.P.,350480,unset,EH129BU,No crossing facility within 50m or physical crossing facility not controlled by authorised person,No physical crossing facility within 50m,At scene
604910,,Slight,2,1,21/08/2010,Saturday,21,August,10,21,10,230,A,70,Single carriageway - 2 lanes,30,Not at or within 20 metres of junction,unset,\,,Darkness: street lights present and lit,Raining (without high winds),Dry,None,None,No overtaking,320730,669170,561835,Segment,T.V.N.P.,350481,unset,EH130LT,No crossing facility within 50m or physical crossing facility not controlled by authorised person,No physical crossing facility within 50m,Elsewhere
605010,,Slight,1,1,22/08/2010,Sunday,22,August,10,6,0,230,A,901,Roundabout,30,Roundabout,Give way sign or markings,A,901,Daylight: street lights present,Fine (without high winds),Dry,None,None,No overtaking,323720,677110,518902,Junction,S.V.N.P.,350482,unset,EH51HA,Control by other authorised person,Central refuge - no other controls,At scene
605710,,Slight,2,1,21/08/2010,Saturday,21,August,10,23,0,230,C,,Single carriageway - 2 lanes,30,Not at or within 20 metres of junction,unset,\,,Darkness: street lights present and lit,Unknown,Dry,None,None,No overtaking,322850,672920,12223618,Segment,T.V.N.P.,350483,unset,EH125PL,Control by other authorised person,Central refuge - no other controls,Elsewhere
607110,,Slight,2,2,20/08/2010,Friday,20,August,10,12,20,230,A,720,Dual carriageway - 2 lanes,70,Not at or within 20 metres of junction,unset,\,,Daylight: street lights present,Fine (without high winds),Dry,None,None,No overtaking,320390,668720,570540,Segment,T.V.N.P.,350484,unset,EH146BA,No crossing facility within 50m or physical crossing facility not controlled by authorised person,No physical crossing facility within 50m,At scene
607210,,Slight,1,2,16/08/2010,Monday,16,August,10,12,11,230,A,702,Single carriageway - 2 lanes,30,Not at or within 20 metres of junction,unset,\,,Daylight: street lights present,Fine (without high winds),Dry,None,Pedestrian in carriagway - not injured,No overtaking,324810,673130,548961,Segment,Bus,350485,unset,EH39BG,No crossing facility within 50m or physical crossing facility not controlled by authorised person,No physical crossing facility within 50m,At scene
608210,,Serious,1,1,24/08/2010,Tuesday,24,August,10,8,56,230,Unclassified,,Single carriageway - 2 lanes,30,Not at or within 20 metres of junction,unset,\,,Daylight: street lights present,Fine (without high winds),Dry,None,None,No overtaking,323350,676530,570114,Segment,Pedestrian,350486,unset,EH52PL,No crossing facility within 50m or physical crossing facility not controlled by authorised person,No physical crossing facility within 50m,At scene
608310,,Slight,1,1,24/08/2010,Tuesday,24,August,10,12,15,230,Unclassified,,Single carriageway - 2 lanes,30,Not at or within 20 metres of junction,unset,\,,Daylight: street lights present,Fine (without high winds),Dry,None,None,No overtaking,324530,670060,0,Unset,S.V.N.P.,350487,unset,EH106LF,No crossing facility within 50m or physical crossing facility not controlled by authorised person,No physical crossing facility within 50m,At scene
609010,,Slight,1,1,24/08/2010,Tuesday,24,August,10,14,0,230,Unclassified,,Single carriageway - 2 lanes,60,Not at or within 20 metres of junction,unset,\,,Daylight: no street lighting,Fine (without high winds),Dry,Road marking defective or obscured,None,No overtaking,314190,675650,0,Unset,S.V.N.P.,350488,unset,EH299EJ,No crossing facility within 50m or physical crossing facility not controlled by authorised person,No physical crossing facility within 50m,At scene
609210,,Slight,2,2,24/08/2010,Tuesday,24,August,10,20,20,230,A,90,Single carriageway - 2 lanes,30,'T' or staggered junction,Give way sign or markings,Unclassified,,Daylight: street lights present,Fine (without high winds),Dry,None,None,No overtaking,324730,673950,520983,Junction,T.V.N.P.,350489,unset,EH24HQ,Control by other authorised person,Pedestrian phase at traffic signal junction,At scene
610610,,Slight,1,1,24/08/2010,Tuesday,24,August,10,19,30,230,A,7,Single carriageway - 2 lanes,40,Not at or within 20 metres of junction,unset,\,,Daylight: no street lighting,Fine (without high winds),Dry,None,None,No overtaking,325960,673560,569279,Segment,Pedestrian,350490,unset,EH11HN,No crossing facility within 50m or physical crossing facility not controlled by authorised person,"Pelican, puffin, toucan or similar non-junction pedestrian light crossing",Elsewhere
611410,,Slight,1,1,25/08/2010,Wednesday,25,August,10,13,30,230,A,1,Single carriageway - 2 lanes,30,Crossroads,Automatic Traffic Signal,C,,Darkness: street lights present but unlit,Fine (without high winds),Dry,None,None,No overtaking,329190,673070,523614,Junction,Pedestrian,350491,unset,EH153PN,Control by other authorised person,Pedestrian phase at traffic signal junction,At scene
612410,,Slight,2,1,25/08/2010,Wednesday,25,August,10,19,0,230,A,900,Dual carriageway - 2 lanes,30,Not at or within 20 metres of junction,unset,\,,Daylight: street lights present,Fine (without high winds),Dry,None,None,No overtaking,326180,674620,558569,Segment,Cyclist,350492,unset,EH74AB,No crossing facility within 50m or physical crossing facility not controlled by authorised person,No physical crossing facility within 50m,At scene
612510,,Slight,3,1,25/08/2010,Wednesday,25,August,10,17,10,230,Unclassified,,Single carriageway - 2 lanes,30,Not at or within 20 metres of junction,unset,\,,Daylight: street lights present,Fine (without high winds),Dry,None,None,No overtaking,323320,675800,563634,Segment,M.V.N.P.,350493,unset,EH52DH,No crossing facility within 50m or physical crossing facility not controlled by authorised person,No physical crossing facility within 50m,At scene
613110,,Slight,2,1,25/08/2010,Wednesday,25,August,10,17,45,230,A,1,Single carriageway - 2 lanes,30,Not at or within 20 metres of junction,unset,\,,Daylight: street lights present,Fine (without high winds),Dry,None,None,No overtaking,328240,674160,2106118,Segment,Cyclist,350494,unset,EH87AX,No crossing facility within 50m or physical crossing facility not controlled by authorised person,No physical crossing facility within 50m,At scene
613210,,Serious,3,1,25/08/2010,Wednesday,25,August,10,15,55,230,A,702,Dual carriageway - 2 lanes,40,Not at or within 20 metres of junction,unset,\,,Daylight: street lights present,Fine (without high winds),Dry,None,None,No overtaking,324930,667480,2587376,Segment,Pedestrian,350495,unset,EH107DUA,No crossing facility within 50m or physical crossing facility not controlled by authorised person,No physical crossing facility within 50m,At scene
613310,,Slight,2,1,25/08/2010,Wednesday,25,August,10,16,35,230,Unclassified,,One way Street,30,Not at or within 20 metres of junction,unset,\,,Daylight: street lights present,Fine (without high winds),Dry,None,None,No overtaking,325820,674290,0,Unset,T.V.N.P.,350496,unset,EH13SS,No crossing facility within 50m or physical crossing facility not controlled by authorised person,No physical crossing facility within 50m,At scene
613410,,Serious,2,1,25/08/2010,Wednesday,25,August,10,7,25,230,A,70,Single carriageway - 2 lanes,30,Not at or within 20 metres of junction,unset,\,,Daylight: street lights present,Fine (without high winds),Dry,None,None,No overtaking,323490,672400,561700,Segment,Cyclist,350497,unset,EH112JL,No crossing facility within 50m or physical crossing facility not controlled by authorised person,No physical crossing facility within 50m,Elsewhere
613510,,Slight,2,1,26/08/2010,Thursday,26,August,10,1,10,230,C,,Single carriageway - 2 lanes,30,'T' or staggered junction,Automatic Traffic Signal,B,901,Darkness: street lights present and lit,Fine (without high winds),Dry,None,None,No overtaking,325920,674380,520599,Junction,T.V.N.P.,350498,unset,EH13JG,No crossing facility within 50m or physical crossing facility not controlled by authorised person,Pedestrian phase at traffic signal junction,Elsewhere
613910,,Slight,2,2,25/08/2010,Wednesday,25,August,10,18,0,230,C,,Single carriageway - 2 lanes,30,Not at or within 20 metres of junction,unset,\,,Daylight: street lighting unknown,Fine (without high winds),Dry,None,None,No overtaking,327020,675150,2106457,Segment,T.V.N.P.,350499,unset,EH68LD,No crossing facility within 50m or physical crossing facility not controlled by authorised person,No physical crossing facility within 50m,Elsewhere
614410,,Slight,2,1,25/08/2010,Wednesday,25,August,10,15,50,230,Unclassified,,Single carriageway - 2 lanes,30,Crossroads,Automatic Traffic Signal,Unclassified,,Daylight: no street lighting,Fine (without high winds),Dry,None,None,No overtaking,329760,673300,523641,Junction,Cyclist,350500,unset,EH151ND,Control by other authorised person,Pedestrian phase at traffic signal junction,Elsewhere
615510,,Serious,1,2,26/08/2010,Thursday,26,August,10,17,0,230,B,701,Single carriageway - 2 lanes,30,'T' or staggered junction,Give way sign or markings,Unclassified,,Daylight: no street lighting,Fine (without high winds),Dry,None,None,No overtaking,319070,674180,520356,Junction,Pedestrian,350501,unset,EH48DB,No crossing facility within 50m or physical crossing facility not controlled by authorised person,No physical crossing facility within 50m,At scene
617210,,Slight,1,1,26/08/2010,Thursday,26,August,10,15,20,230,A,1,Single carriageway - 2 lanes,30,Not at or within 20 metres of junction,unset,\,,Daylight: street lights present,Fine (without high winds),Dry,None,None,No overtaking,327170,674430,2106016,Segment,Bus,350502,unset,EH75SN,No crossing facility within 50m or physical crossing facility not controlled by authorised person,No physical crossing facility within 50m,Elsewhere
617810,,Slight,1,1,26/08/2010,Thursday,26,August,10,16,10,230,A,7,Single carriageway - 2 lanes,30,Not at or within 20 metres of junction,unset,\,,Daylight: no street lighting,Fine (without high winds),Dry,None,None,No overtaking,325960,673580,569279,Segment,Pedestrian,350503,unset,EH11LL,Control by other authorised person,Pedestrian phase at traffic signal junction,At scene
618310,,Slight,2,1,25/08/2010,Wednesday,25,August,10,10,30,230,Unclassified,,One way Street,30,'T' or staggered junction,Automatic Traffic Signal,C,,Daylight: street lights present,Fine (without high winds),Dry,None,None,No overtaking,325730,673130,521514,Junction,T.V.N.P.,350504,unset,EH12QZ,No crossing facility within 50m or physical crossing facility not controlled by authorised person,No physical crossing facility within 50m,Elsewhere
619010,,Slight,1,1,27/08/2010,Friday,27,August,10,20,20,230,A,8,Single carriageway - 2 lanes,30,Crossroads,Automatic Traffic Signal,A,7,Daylight: street lights present,Raining (without high winds),Dry,None,None,No overtaking,325830,674010,517891,Junction,Pedestrian,350505,unset,EH13AY,Control by other authorised person,Pedestrian phase at traffic signal junction,At scene
619110,,Slight,3,2,27/08/2010,Friday,27,August,10,15,55,230,Motorway,9,Dual carriageway - 2 lanes,70,Not at or within 20 metres of junction,unset,\,,Daylight: street lights present,Fine (without high winds),Dry,None,None,No overtaking,311940,673930,562735,Segment,M.V.N.P.,350506,unset,EH299EA,No crossing facility within 50m or physical crossing facility not controlled by authorised person,No physical crossing facility within 50m,At scene
620410,,Slight,2,1,27/08/2010,Friday,27,August,10,16,0,230,Unclassified,,Single carriageway - 2 lanes,30,'T' or staggered junction,Give way sign or markings,Unclassified,,Daylight: street lights present,Fine (without high winds),Dry,None,None,No overtaking,327150,674280,520722,Junction,T.V.N.P.,350507,unset,EH88HL,No crossing facility within 50m or physical crossing facility not controlled by authorised person,No physical crossing facility within 50m,Elsewhere
620710,,Slight,1,1,28/08/2010,Saturday,28,August,10,15,30,230,A,8,Single carriageway - 2 lanes,30,'T' or staggered junction,Give way sign or markings,Unclassified,,Daylight: street lights present,Fine (without high winds),Dry,None,None,No overtaking,324490,673550,520881,Junction,Bus,350508,unset,EH24SD,Control by other authorised person,"Pelican, puffin, toucan or similar non-junction pedestrian light crossing",Elsewhere
621310,,Slight,1,1,28/08/2010,Saturday,28,August,10,22,10,230,Unclassified,,Single carriageway - 2 lanes,30,Not at or within 20 metres of junction,unset,\,,Darkness: street lights present and lit,Fine (without high winds),Dry,None,None,No overtaking,321750,669050,551343,Segment,S.V.N.P.,350509,unset,EH130LE,Control by other authorised person,Central refuge - no other controls,At scene
621710,,Slight,1,1,27/08/2010,Friday,27,August,10,13,15,230,A,7,Single carriageway - 2 lanes,30,Multiple junction,Authorised Person,A,8,Daylight: street lights present,Fine (without high winds),Dry,None,None,No overtaking,325840,673990,517891,Junction,Bus,350510,unset,EH11TR,Control by other authorised person,Pedestrian phase at traffic signal junction,Elsewhere
622010,,Slight,2,1,27/08/2010,Friday,27,August,10,12,0,230,Unclassified,,Single carriageway - 2 lanes,30,'T' or staggered junction,Give way sign or markings,Unclassified,,Daylight: street lights present,Unknown,Dry,None,None,No overtaking,319340,672810,521670,Junction,T.V.N.P.,350511,unset,EH128HH,Control by other authorised person,Central refuge - no other controls,Elsewhere
622710,,Slight,2,1,17/08/2010,Tuesday,17,August,10,13,50,230,B,901,Single carriageway - 2 lanes,30,Crossroads,Give way sign or markings,Unclassified,,Daylight: street lights present,Fine (without high winds),Dry,None,None,No overtaking,325870,674480,520608,Junction,Cyclist,350512,unset,EH13RH,No crossing facility within 50m or physical crossing facility not controlled by authorised person,Pedestrian phase at traffic signal junction,At scene
622910,,Slight,2,1,29/08/2010,Sunday,29,August,10,4,43,230,A,1,Roundabout,30,Roundabout,Stop sign,A,1,Daylight: no street lighting,Fine (without high winds),Dry,None,None,No overtaking,331240,672430,517720,Junction,Bus,350513,unset,EH153SA,No crossing facility within 50m or physical crossing facility not controlled by authorised person,No physical crossing facility within 50m,At scene
623010,,Slight,2,1,29/08/2010,Sunday,29,August,10,15,40,230,A,70,Single carriageway - 2 lanes,30,'T' or staggered junction,Give way sign or markings,Unclassified,,Daylight: street lights present,Fine (without high winds),Dry,None,None,No overtaking,322760,671610,522231,Junction,T.V.N.P.,350514,unset,EH141NY,No crossing facility within 50m or physical crossing facility not controlled by authorised person,"Pelican, puffin, toucan or similar non-junction pedestrian light crossing",At scene
623610,,Slight,2,1,30/08/2010,Monday,30,August,10,10,10,230,Unclassified,,Single carriageway - 2 lanes,30,'T' or staggered junction,Give way sign or markings,Unclassified,,Daylight: no street lighting,Fine (without high winds),Dry,None,None,No overtaking,326000,673040,521574,Junction,Cyclist,350515,unset,EH89BT,No crossing facility within 50m or physical crossing facility not controlled by authorised person,No physical crossing facility within 50m,Elsewhere
623710,,Slight,2,1,26/08/2010,Thursday,26,August,10,17,28,230,A,1,Dual carriageway - 2 lanes,50,Roundabout,Give way sign or markings,A,1,Daylight: no street lighting,Fine (without high winds),Dry,None,None,No overtaking,331250,672420,517720,Junction,T.V.N.P.,350516,unset,EH153SA,Control by other authorised person,No physical crossing facility within 50m,At scene
624710,,Slight,2,1,30/08/2010,Monday,30,August,10,15,45,230,C,,Single carriageway - 2 lanes,30,Not at or within 20 metres of junction,unset,\,,Daylight: street lights present,Fine (without high winds),Dry,None,None,No overtaking,325160,675020,566675,Segment,T.V.N.P.,350517,unset,EH35HW,No crossing facility within 50m or physical crossing facility not controlled by authorised person,No physical crossing facility within 50m,Elsewhere