acc_ref,beat_no,severity,no_vehicle,no_casualt,a_date,a_day,a_date_day,a_date_mon,a_date_yr,a_time_hr,a_time_min,loc_auth,road1_class,road1_no,road_type,speed_limi,junc_det,junc_ctrl,road2_class,road2_no,light_cond,weather,road_surf,spec_cond,cway_hzrds,ovrtk_patrn,easting,northing,net_id,net_type,acc_type,text_id,division,Postcode,ped_xing_hc,ped_xing_p,place_reported
625210,,Slight,2,1,04/08/2010,Wednesday,4,August,10,14,30,230,A,90,Single carriageway - 2 lanes,40,Other junction,Give way sign or markings,Unclassified,,Daylight: street lights present,Unknown,Dry,None,None,No overtaking,321860,674700,519996,Junction,Cyclist,350518,unset,EH42AB,No crossing facility within 50m or physical crossing facility not controlled by authorised person,No physical crossing facility within 50m,Elsewhere
625310,,Slight,2,1,30/08/2010,Monday,30,August,10,19,50,230,A,901,Single carriageway - 2 lanes,30,Crossroads,Automatic Traffic Signal,B,900,Daylight: street lights present,Fine (without high winds),Dry,None,None,No overtaking,326730,676160,531355,Junction,Cyclist,350519,unset,EH65JB,Control by other authorised person,No physical crossing facility within 50m,At scene
625410,,Slight,2,1,30/08/2010,Monday,30,August,10,22,20,230,Unclassified,,Single carriageway - 2 lanes,30,Not at or within 20 metres of junction,unset,\,,Darkness: street lights present but unlit,Fine (without high winds),Dry,None,None,No overtaking,324990,675740,0,Unset,T.V.N.P.,350520,unset,EH35QL,No crossing facility within 50m or physical crossing facility not controlled by authorised person,No physical crossing facility within 50m,Elsewhere
625910,,Slight,2,1,17/08/2010,Tuesday,17,August,10,3,5,230,A,902,Roundabout,30,Roundabout,Give way sign or markings,Unclassified,,Darkness: street lights present and lit,Raining (without high winds),Dry,None,None,No overtaking,322930,675730,519406,Junction,T.V.N.P.,350521,unset,EH42NT,No crossing facility within 50m or physical crossing facility not controlled by authorised person,No physical crossing facility within 50m,At scene
626210,,Slight,2,1,30/08/2010,Monday,30,August,10,20,5,230,Unclassified,,Single carriageway - 2 lanes,30,Not at or within 20 metres of junction,unset,\,,Daylight: street lights present,Fine (without high winds),Dry,None,None,No overtaking,320420,669400,0,Unset,Cyclist,350522,unset,EH143EY,No crossing facility within 50m or physical crossing facility not controlled by authorised person,No physical crossing facility within 50m,At scene
626310,,Slight,2,1,30/08/2010,Monday,30,August,10,6,45,230,Unclassified,,Single carriageway - 2 lanes,30,'T' or staggered junction,Give way sign or markings,Unclassified,,Daylight: street lights present,Fine (without high winds),Dry,None,None,No overtaking,321670,675510,530371,Junction,Cyclist,350523,unset,EH44PH,No crossing facility within 50m or physical crossing facility not controlled by authorised person,"Pelican, puffin, toucan or similar non-junction pedestrian light crossing",At scene
626710,,Slight,1,1,31/08/2010,Tuesday,31,August,10,10,30,230,A,720,Dual carriageway - 2 lanes,70,Not at or within 20 metres of junction,unset,\,,Daylight: no street lighting,Fine (without high winds),Dry,None,None,No overtaking,328020,666890,2579069,Segment,S.V.N.P.,350524,unset,EH178SD,No crossing facility within 50m or physical crossing facility not controlled by authorised person,No physical crossing facility within 50m,At scene
627110,,Slight,2,1,31/08/2010,Tuesday,31,August,10,11,10,230,Unclassified,,Single carriageway - 2 lanes,30,Crossroads,Give way sign or markings,Unclassified,,Daylight: street lights present,Fine (without high winds),Dry,None,None,No overtaking,324190,675950,519418,Junction,T.V.N.P.,350525,unset,EH52AD,No crossing facility within 50m or physical crossing facility not controlled by authorised person,No physical crossing facility within 50m,At scene
627910,,Slight,2,1,30/08/2010,Monday,30,August,10,9,45,230,Unclassified,,Single carriageway - 2 lanes,30,Not at or within 20 metres of junction,unset,\,,Daylight: street lights present,Fine (without high winds),Dry,None,None,No overtaking,323760,672050,554708,Segment,Cyclist,350526,unset,EH111LY,No crossing facility within 50m or physical crossing facility not controlled by authorised person,No physical crossing facility within 50m,Elsewhere
629110,,Slight,2,1,30/08/2010,Monday,30,August,10,17,55,230,Unclassified,,Roundabout,30,Roundabout,Give way sign or markings,Unclassified,,Daylight: street lights present,Fine (without high winds),Dry,None,None,No overtaking,327820,674120,520764,Junction,Cyclist,350527,unset,EH87AS,No crossing facility within 50m or physical crossing facility not controlled by authorised person,No physical crossing facility within 50m,At scene
629710,,Slight,2,1,09/08/2010,Monday,9,August,10,8,0,230,Unclassified,,Single carriageway - 2 lanes,30,Crossroads,Give way sign or markings,Unclassified,,Daylight: no street lighting,Fine (without high winds),Dry,None,None,No overtaking,324390,669870,532891,Junction,Cyclist,350528,unset,EH106EZ,No crossing facility within 50m or physical crossing facility not controlled by authorised person,No physical crossing facility within 50m,At scene
630710,,Slight,4,1,15/08/2010,Sunday,15,August,10,13,0,230,A,90,Dual carriageway - 2 lanes,40,Not at or within 20 metres of junction,unset,\,,Daylight: street lights present,Fine (without high winds),Dry,None,Involvement with previous accident,No overtaking,312490,678760,555393,Segment,M.V.N.P.,350529,unset,unset,No crossing facility within 50m or physical crossing facility not controlled by authorised person,No physical crossing facility within 50m,At scene
632110,,Serious,3,2,01/09/2010,Wednesday,1,September,10,21,15,230,Unclassified,,Single carriageway - 2 lanes,60,Not at or within 20 metres of junction,unset,\,,Darkness: no street lighting,Fine (without high winds),Dry,None,None,No overtaking,313640,666080,561617,Segment,M.V.N.P.,365146,unset,EH147JF,No crossing facility within 50m or physical crossing facility not controlled by authorised person,No physical crossing facility within 50m,At scene
632610,,Slight,2,1,31/08/2010,Tuesday,31,August,10,1,44,230,A,7,Single carriageway - 2 lanes,30,Not at or within 20 metres of junction,unset,\,,Darkness: street lights present and lit,Fine (without high winds),Dry,None,None,No overtaking,326100,673150,569282,Segment,T.V.N.P.,350530,unset,EH89BZ,No crossing facility within 50m or physical crossing facility not controlled by authorised person,No physical crossing facility within 50m,Elsewhere
634110,,Slight,3,1,01/09/2010,Wednesday,1,September,10,19,45,230,C,,Single carriageway - 2 lanes,30,'T' or staggered junction,Give way sign or markings,Unclassified,,Daylight: street lights present,Fine (without high winds),Dry,None,None,No overtaking,321370,670950,529696,Junction,M.V.N.P.,365147,unset,EH142BN,Control by other authorised person,"Pelican, puffin, toucan or similar non-junction pedestrian light crossing",Elsewhere
634210,,Serious,2,1,23/05/2010,Sunday,23,May,10,13,0,230,C,,Single carriageway - 2 lanes,30,'T' or staggered junction,Give way sign or markings,Unknown,,Daylight: street lights present,Fine (without high winds),Dry,None,None,No overtaking,324170,674320,0,Unset,T.V.N.P.,350571,unset,EH41PX,No crossing facility within 50m or physical crossing facility not controlled by authorised person,No physical crossing facility within 50m,\3
634410,,Slight,2,1,01/09/2010,Wednesday,1,September,10,17,20,230,Unclassified,,Single carriageway - 2 lanes,30,Not at or within 20 metres of junction,unset,\,,Daylight: street lights present,Fine (without high winds),Dry,None,None,No overtaking,329470,669380,12219698,Segment,Cyclist,365148,unset,EH177HT,No crossing facility within 50m or physical crossing facility not controlled by authorised person,No physical crossing facility within 50m,Elsewhere
635010,,Slight,3,1,27/08/2010,Friday,27,August,10,18,10,230,A,71,Single carriageway - 2 lanes,50,'T' or staggered junction,Give way sign or markings,Unclassified,,Daylight: no street lighting,Fine (without high winds),Dry,None,None,No overtaking,314540,669180,517744,Junction,M.V.N.P.,350531,unset,EH278EB,No crossing facility within 50m or physical crossing facility not controlled by authorised person,No physical crossing facility within 50m,Elsewhere
635810,,Slight,1,1,02/09/2010,Thursday,2,September,10,19,25,230,A,90,Single carriageway - 2 lanes,40,Not at or within 20 metres of junction,unset,\,,Daylight: street lights present,Fine (without high winds),Dry,None,None,No overtaking,319900,675050,555507,Segment,Bus,365149,unset,EH47NB,No crossing facility within 50m or physical crossing facility not controlled by authorised person,No physical crossing facility within 50m,At scene
635910,,Slight,2,1,02/09/2010,Thursday,2,September,10,18,25,230,Unclassified,,Single carriageway - 2 lanes,30,Not at or within 20 metres of junction,unset,\,,Daylight: street lights present,Unknown,Dry,None,None,No overtaking,327130,676660,0,Unset,T.V.N.P.,365150,unset,EH66QW,Control by other authorised person,Pedestrian phase at traffic signal junction,Elsewhere
636710,,Serious,2,1,01/09/2010,Wednesday,1,September,10,13,30,230,A,702,Single carriageway - 2 lanes,30,Other junction,Give way sign or markings,Unclassified,,Daylight: street lights present,Fine (without high winds),Dry,None,None,No overtaking,324510,672040,522024,Junction,T.V.N.P.,365151,unset,EH104DG,Control by other authorised person,Central refuge - no other controls,At scene
637810,,Slight,2,1,02/09/2010,Thursday,2,September,10,17,20,230,Unclassified,,Single carriageway - 2 lanes,30,Roundabout,Give way sign or markings,C,,Daylight: street lights present,Fine (without high winds),Dry,None,None,No overtaking,322510,672380,521919,Junction,T.V.N.P.,365152,unset,EH112QW,Control by other authorised person,Pedestrian phase at traffic signal junction,Elsewhere
639510,,Slight,1,1,03/09/2010,Friday,3,September,10,8,40,230,A,90,Single carriageway - 2 lanes,30,Not at or within 20 metres of junction,unset,\,,Daylight: no street lighting,Fine (without high winds),Dry,None,None,No overtaking,324100,673940,0,Unset,S.V.N.P.,365153,unset,EH43BG,No crossing facility within 50m or physical crossing facility not controlled by authorised person,No physical crossing facility within 50m,At scene
639710,,Slight,2,1,03/09/2010,Friday,3,September,10,8,25,230,Unclassified,,Single carriageway - 2 lanes,30,Crossroads,Automatic Traffic Signal,Unclassified,,Daylight: street lights present,Fine (without high winds),Dry,None,None,No overtaking,322590,670350,529981,Junction,Cyclist,365154,unset,EH141DW,Control by other authorised person,Pedestrian phase at traffic signal junction,Elsewhere
639810,,Slight,2,1,03/09/2010,Friday,3,September,10,17,40,230,Unclassified,,Single carriageway - 2 lanes,30,Other junction,Give way sign or markings,Unclassified,,Daylight: street lights present,Fine (without high winds),Dry,None,None,No overtaking,323850,671520,522288,Junction,Cyclist,365155,unset,EH105DE,No crossing facility within 50m or physical crossing facility not controlled by authorised person,No physical crossing facility within 50m,At scene
641210,,Serious,1,1,03/09/2010,Friday,3,September,10,20,35,230,Unclassified,,Single carriageway - 2 lanes,30,Not at or within 20 metres of junction,unset,\,,Daylight: street lights present,Fine (without high winds),Dry,None,None,No overtaking,320260,669520,565058,Segment,Pedestrian,365156,unset,EH143AN,No crossing facility within 50m or physical crossing facility not controlled by authorised person,No physical crossing facility within 50m,Elsewhere
641310,,Slight,1,3,02/09/2010,Thursday,2,September,10,17,40,230,A,90,Single carriageway - 2 lanes,30,Other junction,Give way sign or markings,Unclassified,,Daylight: street lights present,Fine (without high winds),Dry,None,None,No overtaking,324560,673750,520956,Junction,Bus,365157,unset,EH24QS,No crossing facility within 50m or physical crossing facility not controlled by authorised person,No physical crossing facility within 50m,At scene
641410,,Slight,1,1,03/09/2010,Friday,3,September,10,23,25,230,Unclassified,,Single carriageway - 2 lanes,30,Not at or within 20 metres of junction,unset,\,,Darkness: street lights present and lit,Fine (without high winds),Dry,None,None,No overtaking,325750,673750,569724,Segment,Pedestrian,365158,unset,EH11DF,No crossing facility within 50m or physical crossing facility not controlled by authorised person,No physical crossing facility within 50m,At scene
641710,,Slight,2,1,04/09/2010,Saturday,4,September,10,17,30,230,Unclassified,,Single carriageway - 2 lanes,30,'T' or staggered junction,Automatic Traffic Signal,A,7,Daylight: street lights present,Fine (without high winds),Dry,None,None,No overtaking,326000,673420,521589,Junction,T.V.N.P.,365159,unset,EH11LL,Control by other authorised person,"Pelican, puffin, toucan or similar non-junction pedestrian light crossing",At scene
641910,,Slight,2,2,04/09/2010,Saturday,4,September,10,15,49,230,A,900,Dual carriageway - 2 lanes,30,Not at or within 20 metres of junction,unset,\,,Daylight: street lights present,Fine (without high winds),Dry,None,None,No overtaking,326050,674410,558575,Segment,T.V.N.P.,365160,unset,EH13JT,Control by other authorised person,Pedestrian phase at traffic signal junction,Elsewhere
643710,,Slight,1,6,04/09/2010,Saturday,4,September,10,14,0,230,A,7,Single carriageway - 2 lanes,30,Not at or within 20 metres of junction,unset,\,,Daylight: street lights present,Fine (without high winds),Dry,None,None,No overtaking,327160,671860,568123,Segment,Bus,365161,unset,EH92BB,No crossing facility within 50m or physical crossing facility not controlled by authorised person,No physical crossing facility within 50m,At scene
645810,,Slight,1,1,06/09/2010,Monday,6,September,10,8,20,230,Unclassified,,Single carriageway - 2 lanes,30,Mini-roundabout,Give way sign or markings,Unclassified,,Daylight: no street lighting,Fine (without high winds),Dry,None,None,No overtaking,320540,675450,519750,Junction,Pedestrian,365162,unset,EH46AA,Control by other authorised person,Pedestrian phase at traffic signal junction,Elsewhere
647010,,Slight,2,1,05/09/2010,Sunday,5,September,10,15,15,230,Unclassified,,Single carriageway - 2 lanes,30,Using private drive or entrance,Give way sign or markings,Unclassified,,Daylight: street lights present,Fine (without high winds),Dry,None,None,No overtaking,319640,668480,561868,Segment,T.V.N.P.,365163,unset,EH145DE,No crossing facility within 50m or physical crossing facility not controlled by authorised person,No physical crossing facility within 50m,Elsewhere
648410,,Serious,2,4,08/08/2010,Sunday,8,August,10,13,45,230,A,70,Single carriageway - 2 lanes,30,Crossroads,Automatic Traffic Signal,B,701,Daylight: street lights present,Fine (without high winds),Dry,None,None,No overtaking,320570,669060,532906,Junction,T.V.N.P.,350573,unset,EH145BB,No crossing facility within 50m or physical crossing facility not controlled by authorised person,No physical crossing facility within 50m,At scene
651110,,Slight,2,1,21/08/2010,Saturday,21,August,10,12,7,230,A,1140,Single carriageway - 2 lanes,30,Not at or within 20 metres of junction,unset,\,,Daylight: street lights present,Fine (without high winds),Dry,None,None,No overtaking,328910,674220,554891,Segment,T.V.N.P.,350532,unset,EH87BW,No crossing facility within 50m or physical crossing facility not controlled by authorised person,No physical crossing facility within 50m,At scene
651310,,Slight,2,1,08/09/2010,Wednesday,8,September,10,9,20,230,Unclassified,,Roundabout,30,Mini-roundabout,Give way sign or markings,B,9085,Daylight: street lights present,Fine (without high winds),Dry,None,None,No overtaking,320550,675440,519747,Junction,Cyclist,365164,unset,EH45BZ,Control by other authorised person,"Pelican, puffin, toucan or similar non-junction pedestrian light crossing",At scene
651410,,Slight,1,1,07/09/2010,Tuesday,7,September,10,14,0,230,Unclassified,,Single carriageway - 2 lanes,30,Not at or within 20 metres of junction,unset,\,,Daylight: street lights present,Fine (without high winds),Dry,None,None,No overtaking,324200,674700,554207,Segment,Bus,365165,unset,EH41DS,No crossing facility within 50m or physical crossing facility not controlled by authorised person,No physical crossing facility within 50m,Elsewhere
652410,,Serious,2,1,07/09/2010,Tuesday,7,September,10,18,35,230,A,7,Single carriageway - 2 lanes,30,'T' or staggered junction,Automatic Traffic Signal,Unclassified,,Darkness: street lights present and lit,Raining (without high winds),Dry,None,None,No overtaking,326760,672360,522078,Junction,Cyclist,365166,unset,EH165BS,No crossing facility within 50m or physical crossing facility not controlled by authorised person,Pedestrian phase at traffic signal junction,At scene
653010,,Slight,1,1,08/09/2010,Wednesday,8,September,10,17,15,230,A,900,Single carriageway - 2 lanes,30,Crossroads,Automatic Traffic Signal,Unclassified,,Daylight: street lights present,Fine (without high winds),Dry,None,None,No overtaking,326200,674660,520257,Junction,Pedestrian,365167,unset,EH74AE,No crossing facility within 50m or physical crossing facility not controlled by authorised person,No physical crossing facility within 50m,Elsewhere
654110,,Slight,2,1,09/09/2010,Thursday,9,September,10,7,45,230,A,702,Single carriageway - 2 lanes,40,'T' or staggered junction,Give way sign or markings,Unclassified,,Daylight: street lights present,Fine (without high winds),Dry,None,None,No overtaking,324920,672830,533344,Junction,Cyclist,365168,unset,EH39NA,No crossing facility within 50m or physical crossing facility not controlled by authorised person,No physical crossing facility within 50m,Elsewhere
654710,,Slight,1,1,08/09/2010,Wednesday,8,September,10,10,50,230,A,90,Single carriageway - 2 lanes,30,'T' or staggered junction,Give way sign or markings,Unclassified,,Darkness: street lights present but unlit,Fine (without high winds),Dry,None,None,No overtaking,324560,673740,520956,Junction,Bus,365169,unset,EH24PG,No crossing facility within 50m or physical crossing facility not controlled by authorised person,"Pelican, puffin, toucan or similar non-junction pedestrian light crossing",Elsewhere
655010,,Slight,2,1,09/09/2010,Thursday,9,September,10,16,0,230,B,900,Single carriageway - 2 lanes,30,'T' or staggered junction,Authorised Person,Unclassified,,Daylight: street lights present,Fine (without high winds),Dry,None,None,No overtaking,325480,675130,519816,Junction,Cyclist,365170,unset,EH74EZ,No crossing facility within 50m or physical crossing facility not controlled by authorised person,Pedestrian phase at traffic signal junction,Elsewhere
655410,,Serious,1,1,09/09/2010,Thursday,9,September,10,15,30,230,A,71,Single carriageway - 2 lanes,30,Not at or within 20 metres of junction,unset,\,,Daylight: street lights present,Fine (without high winds),Dry,None,None,No overtaking,322330,671900,549743,Segment,Pedestrian,365171,unset,EH112RT,Control by school crossing patrol,Pedestrian phase at traffic signal junction,At scene
655510,,Slight,3,3,09/09/2010,Thursday,9,September,10,14,59,230,Motorway,8,Dual carriageway - 2 lanes,70,Not at or within 20 metres of junction,unset,\,,Daylight: street lights present,Fine (without high winds),Dry,None,None,No overtaking,317980,670870,6452850,Segment,M.V.N.P.,365172,unset,EH129BU,No crossing facility within 50m or physical crossing facility not controlled by authorised person,No physical crossing facility within 50m,At scene
656110,,Slight,1,1,09/09/2010,Thursday,9,September,10,17,40,230,Unclassified,,One way Street,20,Not at or within 20 metres of junction,unset,\,,Daylight: no street lighting,Fine (without high winds),Dry,None,None,No overtaking,327860,674840,0,Unset,Pedestrian,365173,unset,EH76DG,No crossing facility within 50m or physical crossing facility not controlled by authorised person,No physical crossing facility within 50m,At scene
656210,,Slight,1,1,08/09/2010,Wednesday,8,September,10,21,0,230,Unclassified,,Single carriageway - 2 lanes,30,Slip road,Give way sign or markings,Unclassified,,Daylight: no street lighting,Fine (without high winds),Dry,None,None,No overtaking,320390,670710,0,Unset,Pedestrian,365174,unset,EH114RY,No crossing facility within 50m or physical crossing facility not controlled by authorised person,No physical crossing facility within 50m,At scene
657310,,Slight,2,2,10/09/2010,Friday,10,September,10,9,25,230,Unclassified,,Single carriageway - 2 lanes,40,Not at or within 20 metres of junction,unset,\,,Daylight: no street lighting,Raining (without high winds),Dry,None,None,No overtaking,312290,677640,555318,Segment,T.V.N.P.,365175,unset,EH309SS,Control by other authorised person,Pedestrian phase at traffic signal junction,At scene
657510,,Slight,1,1,09/09/2010,Thursday,9,September,10,14,20,230,A,1,Single carriageway - 2 lanes,30,Roundabout,Give way sign or markings,A,1,Daylight: no street lighting,Fine (without high winds),Dry,None,None,No overtaking,330370,672850,532579,Junction,Bus,365176,unset,EH151JU,No crossing facility within 50m or physical crossing facility not controlled by authorised person,No physical crossing facility within 50m,Elsewhere
657710,,Slight,2,3,10/09/2010,Friday,10,September,10,13,10,230,A,720,Dual carriageway - 2 lanes,70,Not at or within 20 metres of junction,unset,\,,Daylight: no street lighting,Fine (without high winds),Dry,None,None,No overtaking,320380,668750,570540,Segment,T.V.N.P.,365177,unset,EH146BA,No crossing facility within 50m or physical crossing facility not controlled by authorised person,No physical crossing facility within 50m,At scene
658210,,Slight,2,2,10/09/2010,Friday,10,September,10,11,45,230,A,901,Single carriageway - 2 lanes,30,Not at or within 20 metres of junction,unset,\,,Daylight: street lights present,Raining (without high winds),Dry,None,None,No overtaking,325410,677050,558799,Segment,T.V.N.P.,365178,unset,EH64TD,No crossing facility within 50m or physical crossing facility not controlled by authorised person,No physical crossing facility within 50m,At scene
658710,,Slight,3,1,10/09/2010,Friday,10,September,10,12,35,230,Unclassified,,Single carriageway - 2 lanes,30,Crossroads,Give way sign or markings,Unclassified,,Daylight: no street lighting,Raining (without high winds),Dry,None,None,No overtaking,324520,670690,529816,Junction,M.V.N.P.,365179,unset,EH106AL,No crossing facility within 50m or physical crossing facility not controlled by authorised person,No physical crossing facility within 50m,At scene
660110,,Serious,2,1,06/08/2010,Friday,6,August,10,18,14,230,A,701,Single carriageway - 2 lanes,30,Crossroads,Automatic Traffic Signal,Unclassified,,Daylight: street lights present,Fine (without high winds),Dry,None,None,No overtaking,326730,671820,529477,Junction,Cyclist,350533,unset,EH92BT,Control by other authorised person,Pedestrian phase at traffic signal junction,At scene
660510,,Slight,1,1,10/09/2010,Friday,10,September,10,17,0,230,A,71,Single carriageway - 2 lanes,30,Crossroads,Automatic Traffic Signal,Unclassified,,Daylight: street lights present,Fine (without high winds),Dry,None,None,No overtaking,322820,672230,521964,Junction,Bus,365180,unset,EH112PP,Control by other authorised person,Pedestrian phase at traffic signal junction,At scene
660710,,Slight,1,1,09/09/2010,Thursday,9,September,10,20,0,230,Unclassified,,Single carriageway - 2 lanes,30,Not at or within 20 metres of junction,unset,\,,Daylight: street lights present,Fine (without high winds),Dry,None,None,No overtaking,313850,671070,12231489,Segment,S.V.N.P.,365181,unset,EH288NP,No crossing facility within 50m or physical crossing facility not controlled by authorised person,No physical crossing facility within 50m,At scene
661910,,Slight,1,1,11/09/2010,Saturday,11,September,10,13,0,230,A,900,Single carriageway - 2 lanes,30,'T' or staggered junction,Give way sign or markings,Unclassified,,Daylight: street lights present,Fine (without high winds),Dry,None,None,No overtaking,326770,675540,519475,Junction,Bus,365182,unset,EH65EQ,No crossing facility within 50m or physical crossing facility not controlled by authorised person,No physical crossing facility within 50m,At scene
662710,,Slight,2,2,11/09/2010,Saturday,11,September,10,15,0,230,A,90,Single carriageway - 2 lanes,40,Multiple junction,Automatic Traffic Signal,A,90,Daylight: street lights present,Fine (without high winds),Dry,None,None,No overtaking,318570,674960,519948,Junction,T.V.N.P.,365183,unset,EH48DZ,No crossing facility within 50m or physical crossing facility not controlled by authorised person,Pedestrian phase at traffic signal junction,At scene
663710,,Slight,2,1,11/09/2010,Saturday,11,September,10,17,40,230,B,900,Single carriageway - 2 lanes,30,'T' or staggered junction,Give way sign or markings,Unclassified,,Daylight: street lights present,Fine (without high winds),Dry,None,None,No overtaking,324340,674680,520110,Junction,Cyclist,365184,unset,EH41JG,No crossing facility within 50m or physical crossing facility not controlled by authorised person,No physical crossing facility within 50m,Elsewhere
664010,,Slight,2,1,12/09/2010,Sunday,12,September,10,12,15,230,A,1,Single carriageway - 2 lanes,30,Other junction,Give way sign or markings,Unclassified,,Daylight: street lights present,Fine (without high winds),Dry,None,None,No overtaking,329030,673360,523632,Junction,T.V.N.P.,365185,unset,EH87QQ,No crossing facility within 50m or physical crossing facility not controlled by authorised person,Pedestrian phase at traffic signal junction,Elsewhere
664610,,Slight,1,1,12/09/2010,Sunday,12,September,10,13,53,230,A,8,Single carriageway - 2 lanes,30,Not at or within 20 metres of junction,unset,\,,Daylight: street lights present,Fine (without high winds),Dry,None,None,No overtaking,319140,672900,550664,Segment,Bus,365186,unset,EH128HN,No crossing facility within 50m or physical crossing facility not controlled by authorised person,No physical crossing facility within 50m,Elsewhere
664910,,Slight,2,1,12/09/2010,Sunday,12,September,10,17,35,230,A,199,Single carriageway - 2 lanes,30,Not at or within 20 metres of junction,unset,\,,Daylight: no street lighting,Fine (without high winds),Dry,None,None,No overtaking,326850,676630,563388,Segment,T.V.N.P.,365187,unset,EH66LX,No crossing facility within 50m or physical crossing facility not controlled by authorised person,No physical crossing facility within 50m,At scene
665910,,Slight,2,1,12/09/2010,Sunday,12,September,10,3,30,230,C,,Single carriageway - 2 lanes,30,Not at or within 20 metres of junction,unset,\,,Darkness: street lights present and lit,Fine (without high winds),Dry,None,None,No overtaking,325900,674370,566780,Segment,T.V.N.P.,365188,unset,EH13JG,Control by other authorised person,"Pelican, puffin, toucan or similar non-junction pedestrian light crossing",At scene
666110,,Serious,2,1,08/09/2010,Wednesday,8,September,10,15,25,230,A,90,Single carriageway - 2 lanes,30,'T' or staggered junction,Give way sign or markings,Unclassified,,Daylight: street lights present,Fine (without high winds),Dry,None,None,No overtaking,322700,674280,520413,Junction,T.V.N.P.,365189,unset,EH43HN,No crossing facility within 50m or physical crossing facility not controlled by authorised person,No physical crossing facility within 50m,At scene
666410,,Slight,1,1,12/09/2010,Sunday,12,September,10,13,0,230,A,1,Single carriageway - 2 lanes,30,Crossroads,Automatic Traffic Signal,A,1,Daylight: street lights present,Fine (without high winds),Dry,None,None,No overtaking,328310,674150,523374,Junction,Bus,365190,unset,EH87AA,Control by other authorised person,Pedestrian phase at traffic signal junction,At scene
667310,,Slight,4,1,13/09/2010,Monday,13,September,10,12,40,230,A,1140,Single carriageway - 2 lanes,30,Other junction,Give way sign or markings,Unclassified,,Daylight: no street lighting,Fine (without high winds),Dry,None,None,No overtaking,328840,674190,523410,Junction,M.V.N.P.,365191,unset,EH87BJ,Control by other authorised person,No physical crossing facility within 50m,At scene
667610,,Slight,2,1,13/09/2010,Monday,13,September,10,17,30,230,Unclassified,,Single carriageway - 2 lanes,30,Not at or within 20 metres of junction,unset,\,,Daylight: street lights present,Raining (without high winds),Dry,None,None,No overtaking,321530,675930,0,Unset,T.V.N.P.,365192,unset,EH44RR,No crossing facility within 50m or physical crossing facility not controlled by authorised person,No physical crossing facility within 50m,Elsewhere
667810,,Slight,2,1,13/09/2010,Monday,13,September,10,19,0,230,A,7,Single carriageway - 2 lanes,30,'T' or staggered junction,Automatic Traffic Signal,Unclassified,,Daylight: street lights present,Raining with high winds,Dry,None,None,No overtaking,326000,673410,521589,Junction,Cyclist,365193,unset,EH89AA,No crossing facility within 50m or physical crossing facility not controlled by authorised person,No physical crossing facility within 50m,Elsewhere
668510,,Slight,2,1,13/09/2010,Monday,13,September,10,18,40,230,C,,Single carriageway - 2 lanes,30,Not at or within 20 metres of junction,unset,\,,Daylight: street lights present,Raining (without high winds),Dry,None,None,No overtaking,326510,673640,2106520,Segment,Cyclist,365194,unset,EH88AJ,No crossing facility within 50m or physical crossing facility not controlled by authorised person,No physical crossing facility within 50m,At scene
669010,,Slight,2,1,07/09/2010,Tuesday,7,September,10,17,30,230,A,199,Single carriageway - 2 lanes,30,Not at or within 20 metres of junction,unset,\,,Daylight: street lights present,Fine (without high winds),Dry,None,None,No overtaking,328610,675780,563284,Segment,T.V.N.P.,365195,unset,EH67LG,No crossing facility within 50m or physical crossing facility not controlled by authorised person,No physical crossing facility within 50m,At scene
669910,,Slight,2,1,13/09/2010,Monday,13,September,10,16,45,230,Unclassified,,Dual carriageway - 2 lanes,30,Not at or within 20 metres of junction,unset,\,,Daylight: street lights present,Raining (without high winds),Dry,None,Other object in carriageway,No overtaking,325440,673880,550538,Segment,Cyclist,365196,unset,EH22EJ,Control by other authorised person,Pedestrian phase at traffic signal junction,Elsewhere