acc_ref,beat_no,severity,no_vehicle,no_casualt,a_date,a_day,a_date_day,a_date_mon,a_date_yr,a_time_hr,a_time_min,loc_auth,road1_class,road1_no,road_type,speed_limi,junc_det,junc_ctrl,road2_class,road2_no,light_cond,weather,road_surf,spec_cond,cway_hzrds,ovrtk_patrn,easting,northing,net_id,net_type,acc_type,text_id,division,Postcode,ped_xing_hc,ped_xing_p,place_reported
670010,,Serious,1,1,14/09/2010,Tuesday,14,September,10,11,15,230,A,702,Single carriageway - 2 lanes,30,'T' or staggered junction,Give way sign or markings,Unclassified,,Daylight: street lights present,Fine (without high winds),Dry,None,None,No overtaking,324500,671610,523827,Junction,Pedestrian,365197,unset,EH104BX,No crossing facility within 50m or physical crossing facility not controlled by authorised person,No physical crossing facility within 50m,At scene
671110,,Slight,2,1,13/09/2010,Monday,13,September,10,22,49,230,Unclassified,,Single carriageway - 2 lanes,30,'T' or staggered junction,Automatic Traffic Signal,Unclassified,,Daylight: no street lighting,Fine (without high winds),Dry,None,None,No overtaking,324320,673030,10331569,Junction,T.V.N.P.,365198,unset,EH38AY,No crossing facility within 50m or physical crossing facility not controlled by authorised person,Pedestrian phase at traffic signal junction,At scene
671210,,Slight,2,1,14/09/2010,Tuesday,14,September,10,16,5,230,A,71,Dual carriageway - 2 lanes,40,Roundabout,Automatic Traffic Signal,A,71,Daylight: no street lighting,Fine (without high winds),Dry,None,None,No overtaking,318660,670410,2307027,Junction,T.V.N.P.,365199,unset,EH144AW,No crossing facility within 50m or physical crossing facility not controlled by authorised person,No physical crossing facility within 50m,Elsewhere
672310,,Slight,1,1,14/09/2010,Tuesday,14,September,10,16,55,230,A,902,Single carriageway - 2 lanes,20,Multiple junction,Automatic Traffic Signal,Unclassified,,Daylight: no street lighting,Raining (without high winds),Dry,None,None,No overtaking,321590,674920,520011,Junction,S.V.N.P.,365200,unset,EH42AJ,No crossing facility within 50m or physical crossing facility not controlled by authorised person,Pedestrian phase at traffic signal junction,At scene
673010,,Slight,2,1,14/09/2010,Tuesday,14,September,10,19,45,230,A,90,Single carriageway - 2 lanes,30,'T' or staggered junction,Give way sign or markings,Unclassified,,Daylight: street lights present,Raining (without high winds),Dry,None,None,No overtaking,323910,674240,520458,Junction,Cyclist,365201,unset,EH43AP,No crossing facility within 50m or physical crossing facility not controlled by authorised person,No physical crossing facility within 50m,At scene
673610,,Slight,2,1,15/09/2010,Wednesday,15,September,10,8,30,230,A,701,Single carriageway - 2 lanes,30,'T' or staggered junction,Give way sign or markings,Unclassified,,Daylight: street lights present,Fine (without high winds),Dry,None,None,No overtaking,327160,670620,522744,Junction,T.V.N.P.,365202,unset,EH165QT,No crossing facility within 50m or physical crossing facility not controlled by authorised person,Pedestrian phase at traffic signal junction,Elsewhere
674610,,Slight,1,1,15/09/2010,Wednesday,15,September,10,19,51,230,A,701,Single carriageway - 2 lanes,30,Not at or within 20 metres of junction,unset,\,,Darkness: street lights present and lit,Fine (without high winds),Dry,None,None,No overtaking,327130,671090,569333,Segment,Bus,365203,unset,EH165PT,No crossing facility within 50m or physical crossing facility not controlled by authorised person,No physical crossing facility within 50m,Elsewhere
674710,,Slight,3,1,15/09/2010,Wednesday,15,September,10,6,40,230,Unclassified,,Single carriageway - 2 lanes,40,Roundabout,Give way sign or markings,A,71,Daylight: street lights present,Fine (without high winds),Dry,None,None,No overtaking,318000,670170,0,Unset,M.V.N.P.,365204,unset,EH144AW,No crossing facility within 50m or physical crossing facility not controlled by authorised person,No physical crossing facility within 50m,Elsewhere
674910,,Slight,2,1,15/09/2010,Wednesday,15,September,10,18,0,230,B,1350,Single carriageway - 2 lanes,30,Crossroads,Automatic Traffic Signal,C,,Daylight: street lights present,Fine (without high winds),Dry,None,None,No overtaking,326930,674460,520680,Junction,T.V.N.P.,365205,unset,EH75DR,Control by other authorised person,"Pelican, puffin, toucan or similar non-junction pedestrian light crossing",At scene
675710,,Slight,2,1,29/07/2010,Thursday,29,July,10,13,30,230,C,,Single carriageway - 2 lanes,20,Crossroads,Automatic Traffic Signal,Unclassified,,Daylight: street lights present,Fine (without high winds),Dry,None,None,No overtaking,326520,671740,529468,Junction,T.V.N.P.,361488,unset,EH92NJ,Control by other authorised person,Central refuge - no other controls,Elsewhere
676110,,Slight,2,1,14/09/2010,Tuesday,14,September,10,14,45,230,Unclassified,,Single carriageway - 2 lanes,30,'T' or staggered junction,Give way sign or markings,Unclassified,,Daylight: street lights present,Fine (without high winds),Dry,None,None,No overtaking,324170,673550,10258623,Junction,Cyclist,365206,unset,EH125AW,No crossing facility within 50m or physical crossing facility not controlled by authorised person,No physical crossing facility within 50m,Elsewhere
676610,,Serious,1,1,07/09/2010,Tuesday,7,September,10,9,50,230,A,702,Single carriageway - 2 lanes,30,Crossroads,Automatic Traffic Signal,B,700,Daylight: street lights present,Raining with high winds,Dry,None,None,No overtaking,324800,673200,521406,Junction,Pedestrian,365207,unset,EH39BE,Control by other authorised person,Pedestrian phase at traffic signal junction,Elsewhere
677210,,Slight,1,1,16/09/2010,Thursday,16,September,10,20,20,230,Unclassified,,Single carriageway - 2 lanes,30,Multiple junction,Automatic Traffic Signal,Unclassified,,Daylight: street lights present,Fine (without high winds),Dry,None,None,No overtaking,322600,676920,0,Unset,Pedestrian,365208,unset,EH51QW,No crossing facility within 50m or physical crossing facility not controlled by authorised person,No physical crossing facility within 50m,At scene
677410,,Slight,2,1,16/09/2010,Thursday,16,September,10,16,30,230,Unclassified,,Single carriageway - 2 lanes,30,Not at or within 20 metres of junction,unset,\,,Daylight: street lights present,Fine (without high winds),Dry,None,None,No overtaking,325860,673380,567189,Segment,Cyclist,365209,unset,EH11HU,No crossing facility within 50m or physical crossing facility not controlled by authorised person,No physical crossing facility within 50m,Elsewhere
678710,,Fatal,1,1,17/09/2010,Friday,17,September,10,11,30,230,A,1,Single carriageway - 2 lanes,30,Not at or within 20 metres of junction,unset,\,,Daylight: street lights present,Fine (without high winds),Dry,None,None,No overtaking,328310,674150,2106109,Segment,Pedestrian,365210,unset,EH87AA,Control by other authorised person,"Pelican, puffin, toucan or similar non-junction pedestrian light crossing",At scene
679110,,Slight,1,1,16/09/2010,Thursday,16,September,10,13,27,230,A,720,Dual carriageway - 2 lanes,70,Not at or within 20 metres of junction,unset,\,,Daylight: no street lighting,Fine (without high winds),Dry,None,None,No overtaking,324290,667860,570546,Segment,S.V.N.P.,365211,unset,EH107DS,No crossing facility within 50m or physical crossing facility not controlled by authorised person,No physical crossing facility within 50m,At scene
679510,,Slight,1,1,17/09/2010,Friday,17,September,10,7,55,230,Unclassified,,Single carriageway - 2 lanes,30,'T' or staggered junction,Give way sign or markings,Unclassified,,Daylight: street lights present,Fine (without high winds),Dry,None,None,No overtaking,325590,674850,520227,Junction,Pedestrian,365212,unset,EH36NE,No crossing facility within 50m or physical crossing facility not controlled by authorised person,No physical crossing facility within 50m,At scene
680410,,Slight,2,1,17/09/2010,Friday,17,September,10,18,30,230,Unclassified,,Single carriageway - 2 lanes,40,'T' or staggered junction,Automatic Traffic Signal,Unclassified,,Daylight: street lights present,Fine (without high winds),Dry,None,None,No overtaking,324400,673850,520899,Junction,Cyclist,365213,unset,EH37PT,No crossing facility within 50m or physical crossing facility not controlled by authorised person,Pedestrian phase at traffic signal junction,At scene
681610,,Slight,1,1,18/09/2010,Saturday,18,September,10,12,55,230,Unclassified,,Single carriageway - 2 lanes,40,Not at or within 20 metres of junction,unset,\,,Daylight: street lights present,Fine (without high winds),Dry,None,None,No overtaking,324040,676750,0,Unset,Bus,365214,unset,EH51AG,No crossing facility within 50m or physical crossing facility not controlled by authorised person,No physical crossing facility within 50m,Elsewhere
682610,,Slight,2,2,18/09/2010,Saturday,18,September,10,16,25,230,Unclassified,,Single carriageway - 2 lanes,30,Crossroads,Give way sign or markings,Unclassified,,Daylight: street lights present,Fine (without high winds),Dry,None,None,No overtaking,324630,670690,0,Unset,T.V.N.P.,365215,unset,EH106DN,No crossing facility within 50m or physical crossing facility not controlled by authorised person,No physical crossing facility within 50m,At scene
683110,,Slight,1,1,16/09/2010,Thursday,16,September,10,13,0,230,A,7,Single carriageway - 2 lanes,30,Not at or within 20 metres of junction,unset,\,,Daylight: street lights present,Fine (without high winds),Dry,None,None,No overtaking,325930,673710,569273,Segment,Bus,365216,unset,EH11SB,No crossing facility within 50m or physical crossing facility not controlled by authorised person,No physical crossing facility within 50m,Elsewhere
683210,,Slight,2,3,18/09/2010,Saturday,18,September,10,13,15,230,B,701,Single carriageway - 2 lanes,30,Not at or within 20 metres of junction,unset,\,,Daylight: street lights present,Fine (without high winds),Dry,None,None,No overtaking,322180,668860,551358,Segment,T.V.N.P.,365217,unset,EH130AD,No crossing facility within 50m or physical crossing facility not controlled by authorised person,No physical crossing facility within 50m,Elsewhere
683710,,Slight,1,1,20/09/2010,Monday,20,September,10,4,40,230,A,8,Single carriageway - 2 lanes,30,'T' or staggered junction,Give way sign or markings,Unclassified,,Darkness: street lights present and lit,Raining (without high winds),Dry,None,None,No overtaking,323170,673180,521286,Junction,Pedestrian,365218,unset,EH125JE,Control by other authorised person,"Pelican, puffin, toucan or similar non-junction pedestrian light crossing",At scene
684510,,Slight,2,2,19/09/2010,Sunday,19,September,10,16,25,230,B,701,Single carriageway - 2 lanes,30,Crossroads,Automatic Traffic Signal,C,,Daylight: no street lighting,Fine (without high winds),Dry,None,None,No overtaking,328280,668460,530308,Junction,T.V.N.P.,365219,unset,EH166TZ,Control by other authorised person,"Pelican, puffin, toucan or similar non-junction pedestrian light crossing",Elsewhere
685610,,Serious,3,4,19/09/2010,Sunday,19,September,10,12,10,230,A,8000,Dual carriageway - 2 lanes,70,Not at or within 20 metres of junction,unset,\,,Daylight: street lights present,Fine (without high winds),Dry,None,None,No overtaking,313860,676630,0,Unset,M.V.N.P.,365220,unset,EH309SR,No crossing facility within 50m or physical crossing facility not controlled by authorised person,No physical crossing facility within 50m,At scene
685710,,Slight,1,1,19/09/2010,Sunday,19,September,10,6,50,230,A,720,Dual carriageway - 2 lanes,70,Not at or within 20 metres of junction,unset,\,,Daylight: no street lighting,Raining (without high winds),Dry,Road marking defective or obscured,None,No overtaking,320330,668830,570552,Segment,S.V.N.P.,365221,unset,EH145BH,No crossing facility within 50m or physical crossing facility not controlled by authorised person,No physical crossing facility within 50m,At scene
686210,,Slight,2,1,20/09/2010,Monday,20,September,10,12,15,230,A,720,Dual carriageway - 2 lanes,60,Not at or within 20 metres of junction,unset,\,,Daylight: no street lighting,Fine (without high winds),Dry,None,None,No overtaking,320400,668700,570540,Segment,T.V.N.P.,365222,unset,EH146BA,No crossing facility within 50m or physical crossing facility not controlled by authorised person,No physical crossing facility within 50m,At scene
686410,,Slight,2,1,20/09/2010,Monday,20,September,10,12,20,230,Unclassified,,Single carriageway - 2 lanes,30,Crossroads,Give way sign or markings,Unclassified,,Daylight: no street lighting,Fine (without high winds),Dry,None,None,No overtaking,327370,676190,12238905,Junction,T.V.N.P.,365223,unset,EH67EZ,No crossing facility within 50m or physical crossing facility not controlled by authorised person,No physical crossing facility within 50m,At scene
687610,,Slight,2,1,20/09/2010,Monday,20,September,10,17,55,230,A,900,Single carriageway - 2 lanes,30,Not at or within 20 metres of junction,unset,\,,Daylight: no street lighting,Fine (without high winds),Dry,None,None,No overtaking,326780,675540,519475,Junction,T.V.N.P.,365224,unset,EH68NX,No crossing facility within 50m or physical crossing facility not controlled by authorised person,No physical crossing facility within 50m,At scene
688910,,Slight,2,1,10/09/2010,Friday,10,September,10,18,0,230,A,71,Single carriageway - 2 lanes,40,Roundabout,Give way sign or markings,C,,Daylight: street lights present,Fine (without high winds),Dry,None,None,No overtaking,317990,670210,2307101,Junction,T.V.N.P.,365225,unset,EH144AW,No crossing facility within 50m or physical crossing facility not controlled by authorised person,No physical crossing facility within 50m,Elsewhere
689610,,Slight,1,1,18/09/2010,Saturday,18,September,10,23,30,230,Unclassified,,Single carriageway - 2 lanes,30,'T' or staggered junction,Automatic Traffic Signal,Unclassified,,Darkness: street lights present and lit,Fine (without high winds),Dry,None,None,No overtaking,324760,673520,520953,Junction,Pedestrian,365226,unset,EH12DP,Control by other authorised person,Pedestrian phase at traffic signal junction,Elsewhere
691510,,Slight,3,2,22/09/2010,Wednesday,22,September,10,7,15,230,A,90,Dual carriageway - 2 lanes,50,Not at or within 20 metres of junction,unset,\,,Daylight: street lights present,Fine (without high winds),Dry,None,None,No overtaking,312870,677220,555417,Segment,M.V.N.P.,365227,unset,EH309SS,No crossing facility within 50m or physical crossing facility not controlled by authorised person,No physical crossing facility within 50m,At scene
693810,,Slight,1,1,22/09/2010,Wednesday,22,September,10,18,55,230,Unclassified,,Single carriageway - 2 lanes,30,Mini-roundabout,Give way sign or markings,Unclassified,,Daylight: street lights present,Fine (without high winds),Dry,None,None,No overtaking,329910,671930,0,Unset,Pedestrian,365228,unset,EH164RP,No crossing facility within 50m or physical crossing facility not controlled by authorised person,No physical crossing facility within 50m,At scene
693910,,Slight,2,1,22/09/2010,Wednesday,22,September,10,16,0,230,C,,Dual carriageway - 2 lanes,30,Not at or within 20 metres of junction,unset,\,,Daylight: no street lighting,Fine (without high winds),Dry,None,None,No overtaking,321960,676040,559751,Segment,T.V.N.P.,365229,unset,EH44QR,Control by other authorised person,"Pelican, puffin, toucan or similar non-junction pedestrian light crossing",Elsewhere
694710,,Slight,2,1,23/09/2010,Thursday,23,September,10,8,10,230,Unclassified,,Single carriageway - 2 lanes,30,Crossroads,Give way sign or markings,Unclassified,,Daylight: street lights present,Raining (without high winds),Dry,None,None,No overtaking,322290,673380,521256,Junction,T.V.N.P.,365230,unset,EH126EB,No crossing facility within 50m or physical crossing facility not controlled by authorised person,No physical crossing facility within 50m,At scene
695110,,Slight,2,2,22/09/2010,Wednesday,22,September,10,15,30,230,Unclassified,,Single carriageway - 2 lanes,30,Using private drive or entrance,Give way sign or markings,Unclassified,,Daylight: street lights present,Fine (without high winds),Dry,None,None,No overtaking,318670,671070,12232067,Junction,T.V.N.P.,365231,unset,EH114DW,No crossing facility within 50m or physical crossing facility not controlled by authorised person,No physical crossing facility within 50m,Elsewhere
695710,,Serious,5,1,23/09/2010,Thursday,23,September,10,12,15,230,Unclassified,,Single carriageway - 2 lanes,30,Not at or within 20 metres of junction,unset,\,,Daylight: street lights present,Raining (without high winds),Dry,None,None,No overtaking,322220,671250,559183,Segment,M.V.N.P.,365232,unset,EH141QD,Control by other authorised person,"Pelican, puffin, toucan or similar non-junction pedestrian light crossing",At scene
696910,,Slight,2,1,23/09/2010,Thursday,23,September,10,5,25,230,A,8,Dual carriageway - 2 lanes,50,Not at or within 20 metres of junction,unset,\,,Darkness: street lights present and lit,Raining (without high winds),Dry,None,None,No overtaking,312590,672700,550791,Segment,T.V.N.P.,365233,unset,EH288SY,No crossing facility within 50m or physical crossing facility not controlled by authorised person,No physical crossing facility within 50m,At scene
697110,,Slight,1,2,24/09/2010,Friday,24,September,10,0,15,230,Unclassified,,Single carriageway - 2 lanes,30,Not at or within 20 metres of junction,unset,\,,Darkness: street lights present and lit,Raining (without high winds),Dry,None,None,No overtaking,316380,666930,561904,Segment,S.V.N.P.,365234,unset,EH147AJ,Control by other authorised person,Pedestrian phase at traffic signal junction,At scene
698810,,Serious,1,1,24/09/2010,Friday,24,September,10,12,25,230,A,772,Single carriageway - 2 lanes,30,Not at or within 20 metres of junction,unset,\,,Daylight: no street lighting,Fine (without high winds),Dry,None,None,No overtaking,327230,670710,569303,Segment,Bus,365235,unset,EH165TY,No crossing facility within 50m or physical crossing facility not controlled by authorised person,No physical crossing facility within 50m,Elsewhere
699510,,Slight,2,1,24/09/2010,Friday,24,September,10,18,10,230,C,,Single carriageway - 2 lanes,30,Not at or within 20 metres of junction,unset,\,,Daylight: street lights present,Fine (without high winds),Dry,None,None,No overtaking,320650,671340,0,Unset,Cyclist,365236,unset,EH113PU,No crossing facility within 50m or physical crossing facility not controlled by authorised person,No physical crossing facility within 50m,Elsewhere
699810,,Slight,2,1,24/09/2010,Friday,24,September,10,17,30,230,B,9085,Single carriageway - 2 lanes,30,Not at or within 20 metres of junction,unset,\,,Daylight: street lights present,Fine (without high winds),Dry,None,None,No overtaking,320570,675320,519741,Junction,T.V.N.P.,365237,unset,EH45BP,No crossing facility within 50m or physical crossing facility not controlled by authorised person,No physical crossing facility within 50m,At scene
701110,,Slight,1,1,25/09/2010,Saturday,25,September,10,1,0,230,A,8,Dual carriageway - 2 lanes,30,Not at or within 20 metres of junction,unset,\,,Darkness: street lights present and lit,Fine (without high winds),Dry,None,None,No overtaking,324650,673660,550514,Segment,Pedestrian,365239,unset,EH24RG,No crossing facility within 50m or physical crossing facility not controlled by authorised person,No physical crossing facility within 50m,Elsewhere
702110,,Slight,2,1,25/09/2010,Saturday,25,September,10,15,15,230,A,8,Single carriageway - 2 lanes,30,'T' or staggered junction,Automatic Traffic Signal,C,,Daylight: street lights present,Fine (without high winds),Dry,None,None,No overtaking,325720,673970,521079,Junction,Cyclist,365240,unset,EH22AN,No crossing facility within 50m or physical crossing facility not controlled by authorised person,No physical crossing facility within 50m,Elsewhere
702410,,Serious,1,1,25/09/2010,Saturday,25,September,10,19,45,230,B,1350,Single carriageway - 2 lanes,30,Crossroads,Automatic Traffic Signal,C,,Daylight: no street lighting,Fine (without high winds),Dry,None,None,No overtaking,326930,674460,520680,Junction,Pedestrian,365241,unset,EH75DR,Control by other authorised person,Pedestrian phase at traffic signal junction,At scene
702910,,Serious,2,1,26/09/2010,Sunday,26,September,10,12,26,230,Unclassified,,Single carriageway - 2 lanes,30,'T' or staggered junction,Give way sign or markings,Unclassified,,Daylight: street lights present,Fine (without high winds),Dry,None,None,No overtaking,324770,675760,519436,Junction,Cyclist,365242,unset,EH35QL,No crossing facility within 50m or physical crossing facility not controlled by authorised person,No physical crossing facility within 50m,At scene
705910,,Slight,1,1,23/09/2010,Thursday,23,September,10,13,30,230,C,,Single carriageway - 2 lanes,30,Not at or within 20 metres of junction,unset,\,,Daylight: street lights present,Raining (without high winds),Dry,None,None,No overtaking,326460,671880,563092,Segment,Pedestrian,365243,unset,EH91SS,No crossing facility within 50m or physical crossing facility not controlled by authorised person,No physical crossing facility within 50m,At scene
706110,,Slight,3,1,28/09/2010,Tuesday,28,September,10,3,30,230,C,,Single carriageway - 2 lanes,30,Not at or within 20 metres of junction,unset,\,,Darkness: street lights present but unlit,Fine (without high winds),Dry,None,None,No overtaking,325080,674930,566690,Segment,M.V.N.P.,365244,unset,EH35DP,No crossing facility within 50m or physical crossing facility not controlled by authorised person,No physical crossing facility within 50m,At scene
706810,,Slight,1,1,27/09/2010,Monday,27,September,10,15,40,230,A,8,Dual carriageway - 2 lanes,30,'T' or staggered junction,Automatic Traffic Signal,C,,Daylight: no street lighting,Fine (without high winds),Dry,None,None,No overtaking,325190,673820,521055,Junction,Bus,365245,unset,EH22ER,No crossing facility within 50m or physical crossing facility not controlled by authorised person,Pedestrian phase at traffic signal junction,At scene
706910,,Slight,1,1,22/09/2010,Wednesday,22,September,10,15,20,230,Unclassified,,Single carriageway - 2 lanes,30,Not at or within 20 metres of junction,unset,\,,Daylight: street lights present,Fine (without high winds),Dry,None,None,No overtaking,325660,673890,551250,Segment,Bus,365246,unset,EH22EJ,No crossing facility within 50m or physical crossing facility not controlled by authorised person,No physical crossing facility within 50m,Elsewhere
707310,,Slight,1,1,28/09/2010,Tuesday,28,September,10,11,35,230,A,8,Dual carriageway - 2 lanes,30,Not at or within 20 metres of junction,unset,\,,Daylight: street lights present,Fine (without high winds),Dry,None,None,No overtaking,325770,673990,551205,Segment,Bus,365247,unset,EH22AN,No crossing facility within 50m or physical crossing facility not controlled by authorised person,No physical crossing facility within 50m,Elsewhere
707610,,Slight,1,1,26/09/2010,Sunday,26,September,10,13,30,230,Unclassified,,Single carriageway - 2 lanes,30,'T' or staggered junction,Give way sign or markings,Unclassified,,Daylight: street lights present,Fine (without high winds),Dry,None,None,No overtaking,322010,675590,519364,Junction,S.V.N.P.,365248,unset,EH44PH,No crossing facility within 50m or physical crossing facility not controlled by authorised person,No physical crossing facility within 50m,Elsewhere
709010,,Slight,4,1,28/09/2010,Tuesday,28,September,10,19,50,230,A,702,Single carriageway - 2 lanes,30,Crossroads,Automatic Traffic Signal,C,,Darkness: street lights present and lit,Raining (without high winds),Dry,None,None,No overtaking,324800,673190,521406,Junction,M.V.N.P.,365249,unset,EH38BJ,Control by other authorised person,Pedestrian phase at traffic signal junction,At scene
709310,,Serious,2,1,29/09/2010,Wednesday,29,September,10,6,41,230,A,90,Single carriageway - 2 lanes,30,'T' or staggered junction,Give way sign or markings,C,,Darkness: street lights present and lit,Raining (without high winds),Dry,None,None,No overtaking,324110,674250,520476,Junction,Cyclist,365250,unset,EH43AD,No crossing facility within 50m or physical crossing facility not controlled by authorised person,No physical crossing facility within 50m,At scene
709510,,Slight,2,1,24/09/2010,Friday,24,September,10,17,0,230,Unclassified,,Single carriageway - 2 lanes,30,Not at or within 20 metres of junction,unset,\,,Daylight: no street lighting,Fine (without high winds),Dry,None,None,No overtaking,323260,676530,570111,Segment,Bus,365251,unset,EH52PN,No crossing facility within 50m or physical crossing facility not controlled by authorised person,No physical crossing facility within 50m,At scene
709610,,Slight,2,1,29/09/2010,Wednesday,29,September,10,0,15,230,Unclassified,,Single carriageway - 2 lanes,30,'T' or staggered junction,Give way sign or markings,Unclassified,,Daylight: no street lighting,Raining (without high winds),Dry,None,None,No overtaking,326200,672650,532726,Junction,T.V.N.P.,365252,unset,EH89NQ,No crossing facility within 50m or physical crossing facility not controlled by authorised person,No physical crossing facility within 50m,At scene
710510,,Slight,1,1,27/09/2010,Monday,27,September,10,15,35,230,Unclassified,,Single carriageway - 2 lanes,30,Other junction,Give way sign or markings,Unclassified,,Daylight: street lights present,Fine (without high winds),Dry,None,None,No overtaking,329800,671850,0,Unset,Pedestrian,365253,unset,EH164RF,No crossing facility within 50m or physical crossing facility not controlled by authorised person,No physical crossing facility within 50m,At scene
711710,,Serious,2,1,28/09/2010,Tuesday,28,September,10,13,30,230,C,,Single carriageway - 2 lanes,30,Crossroads,Authorised Person,C,,Daylight: street lights present,Raining (without high winds),Dry,None,None,No overtaking,325290,674190,520521,Junction,Cyclist,365254,unset,EH21DR,Control by other authorised person,Pedestrian phase at traffic signal junction,At scene
712710,,Serious,1,1,29/09/2010,Wednesday,29,September,10,16,50,230,B,901,Single carriageway - 2 lanes,30,Other junction,Give way sign or markings,Unclassified,,Daylight: no street lighting,Fine (without high winds),Dry,None,None,No overtaking,325810,674560,520194,Junction,Cyclist,350574,unset,EH13SB,No crossing facility within 50m or physical crossing facility not controlled by authorised person,Pedestrian phase at traffic signal junction,At scene
712910,,Slight,1,1,28/09/2010,Tuesday,28,September,10,19,50,230,B,701,Single carriageway - 2 lanes,30,Not at or within 20 metres of junction,unset,\,,Darkness: street lights present and lit,Raining (without high winds),Dry,None,None,No overtaking,319100,674080,551702,Segment,Bus,365255,unset,EH128TJ,No crossing facility within 50m or physical crossing facility not controlled by authorised person,No physical crossing facility within 50m,At scene
714210,,Slight,2,1,30/09/2010,Thursday,30,September,10,6,4,230,A,8,Single carriageway - 2 lanes,30,'T' or staggered junction,Automatic Traffic Signal,Unclassified,,Darkness: street lights present but unlit,Fine (without high winds),Dry,None,None,No overtaking,325650,673950,521085,Junction,Cyclist,365256,unset,EH22BY,Control by other authorised person,Pedestrian phase at traffic signal junction,At scene
715010,,Slight,4,1,30/09/2010,Thursday,30,September,10,12,33,230,C,,Single carriageway - 2 lanes,30,'T' or staggered junction,Automatic Traffic Signal,Unclassified,,Daylight: street lights present,Fine (without high winds),Dry,None,None,No overtaking,325490,673640,521022,Junction,M.V.N.P.,365257,unset,EH12LU,Control by other authorised person,Pedestrian phase at traffic signal junction,At scene
716010,,Slight,1,1,30/09/2010,Thursday,30,September,10,9,25,230,Unclassified,,One way Street,30,Not at or within 20 metres of junction,unset,\,,Daylight: street lights present,Fine (without high winds),Dry,None,None,No overtaking,325190,673110,567261,Segment,Pedestrian,365258,unset,EH39DE,No crossing facility within 50m or physical crossing facility not controlled by authorised person,No physical crossing facility within 50m,Elsewhere
716210,,Slight,1,1,30/09/2010,Thursday,30,September,10,21,15,230,Unclassified,,Single carriageway - 2 lanes,30,Crossroads,Authorised Person,Unclassified,,Darkness: street lights present and lit,Fine (without high winds),Dry,None,None,No overtaking,324500,673800,520890,Junction,Bus,365259,unset,EH37TQ,Control by other authorised person,Pedestrian phase at traffic signal junction,Elsewhere
716910,,Slight,2,1,30/09/2010,Thursday,30,September,10,9,0,230,Unclassified,,Single carriageway - 2 lanes,30,'T' or staggered junction,Give way sign or markings,Unclassified,,Daylight: no street lighting,Fine (without high winds),Dry,None,None,No overtaking,325320,673310,521484,Junction,Pedestrian,365260,unset,EH12HS,Control by other authorised person,Zebra crossing,Elsewhere
717310,,Slight,2,1,01/10/2010,Friday,1,October,10,10,25,230,Unclassified,,Single carriageway - 2 lanes,30,'T' or staggered junction,Give way sign or markings,Unclassified,,Daylight: street lights present,Fine (without high winds),Dry,None,None,No overtaking,326210,672640,532726,Junction,Cyclist,361708,unset,EH89NA,No crossing facility within 50m or physical crossing facility not controlled by authorised person,No physical crossing facility within 50m,Elsewhere
718010,,Slight,2,2,01/10/2010,Friday,1,October,10,14,11,230,Unclassified,,Single carriageway - 2 lanes,30,Not at or within 20 metres of junction,unset,\,,Daylight: street lights present,Other,Dry,None,None,No overtaking,329180,675180,557978,Segment,T.V.N.P.,361709,unset,EH76RG,No crossing facility within 50m or physical crossing facility not controlled by authorised person,No physical crossing facility within 50m,At scene
718110,,Slight,1,1,30/09/2010,Thursday,30,September,10,22,5,230,A,900,Dual carriageway - 2 lanes,30,'T' or staggered junction,Automatic Traffic Signal,Unclassified,,Darkness: street lights present and lit,Fine (without high winds),Dry,None,None,No overtaking,325990,674170,12288417,Junction,S.V.N.P.,365261,unset,EH13AA,Control by other authorised person,Pedestrian phase at traffic signal junction,Elsewhere