acc_ref,beat_no,severity,no_vehicle,no_casualt,a_date,a_day,a_date_day,a_date_mon,a_date_yr,a_time_hr,a_time_min,loc_auth,road1_class,road1_no,road_type,speed_limi,junc_det,junc_ctrl,road2_class,road2_no,light_cond,weather,road_surf,spec_cond,cway_hzrds,ovrtk_patrn,easting,northing,net_id,net_type,acc_type,text_id,division,Postcode,ped_xing_hc,ped_xing_p,place_reported
721610,,Slight,2,1,03/10/2010,Sunday,3,October,10,11,44,230,Unclassified,,Single carriageway - 2 lanes,40,Not at or within 20 metres of junction,unset,\,,Daylight: street lights present,Raining (without high winds),Dry,None,None,No overtaking,324400,669220,549129,Segment,T.V.N.P.,361710,unset,EH106HG,No crossing facility within 50m or physical crossing facility not controlled by authorised person,No physical crossing facility within 50m,At scene
722910,,Slight,2,1,01/10/2010,Friday,1,October,10,9,40,230,A,701,Single carriageway - 2 lanes,40,Not at or within 20 metres of junction,unset,\,,Daylight: street lights present,Raining (without high winds),Dry,None,None,No overtaking,327109,669890,570755,Segment,Cyclist,361711,unset,EH166AF,No crossing facility within 50m or physical crossing facility not controlled by authorised person,No physical crossing facility within 50m,Elsewhere
723010,,Slight,2,1,02/10/2010,Saturday,2,October,10,16,31,230,A,1,Dual carriageway - 2 lanes,40,Roundabout,Give way sign or markings,A,1,Daylight: street lights present,Fine (without high winds),Dry,None,None,No overtaking,331220,672900,531088,Junction,Cyclist,361712,unset,EH153QH,No crossing facility within 50m or physical crossing facility not controlled by authorised person,"Pelican, puffin, toucan or similar non-junction pedestrian light crossing",At scene
723110,,Serious,1,1,03/10/2010,Sunday,3,October,10,23,50,230,A,702,Single carriageway - 2 lanes,30,Not at or within 20 metres of junction,unset,\,,Darkness: street lights present and lit,Fine (without high winds),Dry,None,None,No overtaking,324820,673130,548961,Segment,Pedestrian,361713,unset,EH39AA,Control by other authorised person,"Pelican, puffin, toucan or similar non-junction pedestrian light crossing",At scene
723910,,Slight,2,1,03/10/2010,Sunday,3,October,10,17,50,230,A,1140,Single carriageway - 2 lanes,30,'T' or staggered junction,Give way sign or markings,Unclassified,,Daylight: street lights present,Fine (without high winds),Dry,None,None,No overtaking,329050,674250,523440,Junction,T.V.N.P.,361714,unset,EH76RS,No crossing facility within 50m or physical crossing facility not controlled by authorised person,No physical crossing facility within 50m,At scene
724210,,Slight,2,1,21/09/2010,Tuesday,21,September,10,10,0,230,Unclassified,,Single carriageway - 2 lanes,30,Not at or within 20 metres of junction,unset,\,,Daylight: street lights present,Fine (without high winds),Dry,None,None,No overtaking,327330,671770,12228045,Junction,Cyclist,365262,unset,EH165EF,No crossing facility within 50m or physical crossing facility not controlled by authorised person,No physical crossing facility within 50m,At scene
724510,,Slight,1,1,04/10/2010,Monday,4,October,10,13,50,230,A,8,Dual carriageway - 2 lanes,30,Not at or within 20 metres of junction,unset,\,,Daylight: street lighting unknown,Fine (without high winds),Dry,None,None,No overtaking,324630,673650,550514,Segment,Pedestrian,361715,unset,EH24RG,Control by other authorised person,"Pelican, puffin, toucan or similar non-junction pedestrian light crossing",At scene
724610,,Slight,1,1,04/10/2010,Monday,4,October,10,17,30,230,A,90,Single carriageway - 2 lanes,40,'T' or staggered junction,Automatic Traffic Signal,Unclassified,,Daylight: street lights present,Fine (without high winds),Dry,None,None,No overtaking,320000,675070,519708,Junction,Pedestrian,361716,unset,EH47NA,Control by other authorised person,Pedestrian phase at traffic signal junction,At scene
724810,,Slight,1,1,04/10/2010,Monday,4,October,10,8,0,230,A,1,Single carriageway - 2 lanes,30,Not at or within 20 metres of junction,unset,\,,Daylight: no street lighting,Fine (without high winds),Dry,None,None,No overtaking,329150,673160,2580777,Junction,Pedestrian,361717,unset,EH87TU,No crossing facility within 50m or physical crossing facility not controlled by authorised person,No physical crossing facility within 50m,At scene
725910,,Slight,2,1,05/10/2010,Tuesday,5,October,10,13,0,230,C,,Single carriageway - 2 lanes,30,'T' or staggered junction,Give way sign or markings,Unclassified,,Daylight: no street lighting,Fine (without high winds),Dry,None,None,No overtaking,326679,671259,531445,Junction,Cyclist,361718,unset,EH93AG,No crossing facility within 50m or physical crossing facility not controlled by authorised person,No physical crossing facility within 50m,At scene
726710,,Slight,2,1,05/10/2010,Tuesday,5,October,10,13,59,230,A,6095,Roundabout,30,Roundabout,Give way sign or markings,A,6095,Daylight: street lights present,Fine (without high winds),Dry,None,None,No overtaking,331650,671780,4464225,Junction,T.V.N.P.,361719,unset,EH218RX,No crossing facility within 50m or physical crossing facility not controlled by authorised person,No physical crossing facility within 50m,At scene
727610,,Slight,1,1,01/10/2010,Friday,1,October,10,9,50,230,A,900,Single carriageway - 2 lanes,30,Multiple junction,Automatic Traffic Signal,Unclassified,,Daylight: no street lighting,Fine (without high winds),Dry,None,None,No overtaking,326960,675890,522483,Junction,Pedestrian,361720,unset,EH68LN,No crossing facility within 50m or physical crossing facility not controlled by authorised person,Pedestrian phase at traffic signal junction,At scene
728510,,Slight,2,1,06/10/2010,Wednesday,6,October,10,9,15,230,Unclassified,,Dual carriageway - 2 lanes,70,Not at or within 20 metres of junction,unset,\,,Daylight: no street lighting,Fine (without high winds),Dry,None,None,No overtaking,320470,668560,570540,Segment,T.V.N.P.,361721,unset,EH146BA,No crossing facility within 50m or physical crossing facility not controlled by authorised person,No physical crossing facility within 50m,At scene
729510,,Slight,2,1,06/10/2010,Wednesday,6,October,10,13,23,230,A,701,Roundabout,40,Roundabout,Give way sign or markings,Unclassified,,Daylight: no street lighting,Fine (without high winds),Dry,None,None,No overtaking,327480,666980,2587875,Junction,T.V.N.P.,361722,unset,EH178SG,No crossing facility within 50m or physical crossing facility not controlled by authorised person,No physical crossing facility within 50m,At scene
730710,,Slight,2,1,06/10/2010,Wednesday,6,October,10,15,20,230,A,90,Single carriageway - 2 lanes,40,Not at or within 20 metres of junction,unset,\,,Daylight: street lights present,Fine (without high winds),Dry,None,None,No overtaking,318470,674980,555447,Segment,T.V.N.P.,361723,unset,EH46AT,No crossing facility within 50m or physical crossing facility not controlled by authorised person,No physical crossing facility within 50m,At scene
730810,,Serious,2,1,06/10/2010,Wednesday,6,October,10,18,0,230,A,8,Single carriageway - 2 lanes,30,Crossroads,Authorised Person,Unclassified,,Daylight: no street lighting,Fine (without high winds),Dry,None,None,No overtaking,321949,673120,521235,Junction,Cyclist,361724,unset,EH125SG,Control by other authorised person,Pedestrian phase at traffic signal junction,At scene
731410,,Slight,1,1,01/10/2010,Friday,1,October,10,20,25,230,A,1,Roundabout,40,Roundabout,Give way sign or markings,A,1,Darkness: street lights present and lit,Fine (without high winds),Dry,None,None,No overtaking,331260,672500,530989,Junction,S.V.N.P.,361725,unset,EH153SA,No crossing facility within 50m or physical crossing facility not controlled by authorised person,No physical crossing facility within 50m,At scene
731510,,Slight,2,1,06/10/2010,Wednesday,6,October,10,8,45,230,A,8,Dual carriageway - 2 lanes,40,Other junction,Automatic Traffic Signal,A,902,Daylight: street lights present,Raining (without high winds),Dry,None,None,No overtaking,318030,672720,521634,Junction,T.V.N.P.,361726,unset,EH128LU,Control by other authorised person,Pedestrian phase at traffic signal junction,At scene
731810,,Slight,2,1,27/09/2010,Monday,27,September,10,0,5,230,Unclassified,,Single carriageway - 2 lanes,30,'T' or staggered junction,Give way sign or markings,A,6095,Darkness: street lights present and lit,Fine (without high winds),Dry,None,None,No overtaking,329500,671600,523821,Junction,Cyclist,365263,unset,EH164EG,No crossing facility within 50m or physical crossing facility not controlled by authorised person,No physical crossing facility within 50m,At scene
732210,,Slight,2,1,11/08/2010,Wednesday,11,August,10,15,58,230,A,900,Single carriageway - 2 lanes,30,Roundabout,Give way sign or markings,Unclassified,,Daylight: street lights present,Fine (without high winds),Dry,None,None,No overtaking,326140,674550,520245,Junction,Cyclist,350534,unset,EH13PA,Control by other authorised person,Pedestrian phase at traffic signal junction,At scene
732810,,Slight,2,1,07/10/2010,Thursday,7,October,10,9,0,230,A,7,Single carriageway - 2 lanes,30,'T' or staggered junction,Automatic Traffic Signal,A,7,Daylight: street lights present,Fine (without high winds),Dry,None,None,No overtaking,326650,672480,522093,Junction,Cyclist,361727,unset,EH165BR,Control by other authorised person,Pedestrian phase at traffic signal junction,At scene
734410,,Slight,2,1,07/10/2010,Thursday,7,October,10,16,10,230,A,1,Single carriageway - 2 lanes,30,Not at or within 20 metres of junction,unset,\,,Daylight: street lights present,Fine (without high winds),Dry,None,None,No overtaking,331150,672430,556998,Segment,Bus,361728,unset,EH153SA,Control by other authorised person,Central refuge - no other controls,Elsewhere
735010,,Slight,1,1,07/10/2010,Thursday,7,October,10,18,15,230,Unclassified,,Single carriageway - 2 lanes,30,Not at or within 20 metres of junction,unset,\,,Daylight: street lighting unknown,Unknown,Dry,None,None,No overtaking,320460,670620,565103,Segment,Pedestrian,361729,unset,EH114RY,No crossing facility within 50m or physical crossing facility not controlled by authorised person,No physical crossing facility within 50m,Elsewhere
735510,,Slight,2,1,30/09/2010,Thursday,30,September,10,9,45,230,Unclassified,,Single carriageway - 2 lanes,30,'T' or staggered junction,Give way sign or markings,Unclassified,,Daylight: street lights present,Unknown,Dry,None,None,No overtaking,326450,672760,532738,Junction,Cyclist,365264,unset,EH89QX,No crossing facility within 50m or physical crossing facility not controlled by authorised person,No physical crossing facility within 50m,Elsewhere
735710,,Slight,2,2,06/10/2010,Wednesday,6,October,10,12,0,230,A,901,Single carriageway - 2 lanes,30,Not at or within 20 metres of junction,unset,\,,Daylight: street lights present,Fine (without high winds),Dry,None,None,No overtaking,325860,676980,558731,Segment,T.V.N.P.,361730,unset,EH66NT,Control by other authorised person,Pedestrian phase at traffic signal junction,At scene
736610,,Slight,2,1,07/10/2010,Thursday,7,October,10,7,48,230,A,71,Single carriageway - 2 lanes,50,Not at or within 20 metres of junction,unset,\,,Daylight: no street lighting,Fine (without high winds),Dry,None,None,No overtaking,313650,668760,549671,Segment,T.V.N.P.,361731,unset,EH278EB,No crossing facility within 50m or physical crossing facility not controlled by authorised person,No physical crossing facility within 50m,At scene
738110,,Slight,2,1,07/10/2010,Thursday,7,October,10,9,15,230,A,702,Single carriageway - 2 lanes,30,Other junction,Automatic Traffic Signal,Unclassified,,Daylight: street lights present,Fine (without high winds),Dry,None,None,No overtaking,324740,673550,520950,Junction,T.V.N.P.,361732,unset,EH12DA,No crossing facility within 50m or physical crossing facility not controlled by authorised person,No physical crossing facility within 50m,Elsewhere
738410,,Slight,1,1,08/10/2010,Friday,8,October,10,18,5,230,A,8,One way Street,30,Not at or within 20 metres of junction,unset,\,,Daylight: street lights present,Fine (without high winds),Dry,None,None,No overtaking,324170,673300,550631,Segment,Pedestrian,361733,unset,EH125DS,Control by other authorised person,Pedestrian phase at traffic signal junction,At scene
738510,,Slight,2,1,07/10/2010,Thursday,7,October,10,7,50,230,Unclassified,,Roundabout,30,Roundabout,Give way sign or markings,Unclassified,,Daylight: street lights present,Fine (without high winds),Dry,None,None,No overtaking,327910,674630,520308,Junction,Cyclist,361734,unset,EH76BP,No crossing facility within 50m or physical crossing facility not controlled by authorised person,No physical crossing facility within 50m,Elsewhere
738910,,Slight,2,1,06/10/2010,Wednesday,6,October,10,20,29,230,Unclassified,,Single carriageway - 2 lanes,30,'T' or staggered junction,Give way sign or markings,Unclassified,,Darkness: street lights present and lit,Fine (without high winds),Dry,None,None,No overtaking,323390,668940,533059,Junction,T.V.N.P.,361735,unset,EH139NB,No crossing facility within 50m or physical crossing facility not controlled by authorised person,No physical crossing facility within 50m,Elsewhere
739210,,Slight,2,1,04/10/2010,Monday,4,October,10,7,55,230,Unclassified,,Single carriageway - 2 lanes,30,Other junction,Give way sign or markings,Unclassified,,Darkness: street lights present but unlit,Fine (without high winds),Dry,None,None,No overtaking,324010,669100,0,Unset,T.V.N.P.,361736,unset,EH106NQ,No crossing facility within 50m or physical crossing facility not controlled by authorised person,No physical crossing facility within 50m,At scene
739510,,Serious,2,1,05/10/2010,Tuesday,5,October,10,8,40,230,Unclassified,,Single carriageway - 2 lanes,30,Other junction,Give way sign or markings,Unclassified,,Daylight: street lights present,Fine (without high winds),Dry,None,None,No overtaking,319510,668410,533113,Junction,Cyclist,361737,unset,EH145EG,No crossing facility within 50m or physical crossing facility not controlled by authorised person,No physical crossing facility within 50m,At scene
739910,,Slight,1,1,08/10/2010,Friday,8,October,10,22,28,230,A,8,Single carriageway - 2 lanes,30,Not at or within 20 metres of junction,unset,\,,Darkness: street lights present and lit,Fine (without high winds),Dry,None,None,No overtaking,325180,673820,521055,Junction,Pedestrian,361738,unset,EH23AA,Control by other authorised person,Pedestrian phase at traffic signal junction,At scene
740410,,Slight,2,1,16/08/2010,Monday,16,August,10,13,45,230,Unclassified,,Single carriageway - 2 lanes,30,Crossroads,Automatic Traffic Signal,Unclassified,,Daylight: street lights present,Fine (without high winds),Dry,None,None,No overtaking,320220,671180,0,Unset,Cyclist,350535,unset,EH113TY,No crossing facility within 50m or physical crossing facility not controlled by authorised person,No physical crossing facility within 50m,Elsewhere
742610,,Slight,2,1,09/10/2010,Saturday,9,October,10,14,15,230,C,,Single carriageway - 2 lanes,30,Not at or within 20 metres of junction,unset,\,,Daylight: street lights present,Fine (without high winds),Dry,None,None,No overtaking,325460,673480,558203,Segment,T.V.N.P.,361739,unset,EH12PW,No crossing facility within 50m or physical crossing facility not controlled by authorised person,No physical crossing facility within 50m,At scene
743110,,Slight,1,1,09/10/2010,Saturday,9,October,10,2,5,230,C,,Single carriageway - 2 lanes,30,'T' or staggered junction,Automatic Traffic Signal,Unclassified,,Darkness: street lights present and lit,Fine (without high winds),Dry,None,None,No overtaking,325470,674250,520524,Junction,Pedestrian,361740,unset,EH21JX,No crossing facility within 50m or physical crossing facility not controlled by authorised person,No physical crossing facility within 50m,At scene
743310,,Serious,1,1,10/10/2010,Sunday,10,October,10,13,0,230,C,,Single carriageway - 2 lanes,30,Not at or within 20 metres of junction,unset,\,,Daylight: street lights present,Fine (without high winds),Dry,None,None,No overtaking,322640,670330,564704,Segment,Cyclist,361741,unset,EH141DW,Control by other authorised person,Pedestrian phase at traffic signal junction,At scene
745210,,Slight,2,1,11/10/2010,Monday,11,October,10,8,0,230,Unclassified,,Single carriageway - 2 lanes,30,Not at or within 20 metres of junction,unset,\,,Daylight: street lights present,Fine (without high winds),Dry,None,None,No overtaking,313250,672060,12231511,Segment,T.V.N.P.,361742,unset,EH288LU,No crossing facility within 50m or physical crossing facility not controlled by authorised person,No physical crossing facility within 50m,At scene
748110,,Slight,2,1,11/10/2010,Monday,11,October,10,13,15,230,Unclassified,,Single carriageway - 2 lanes,30,Not at or within 20 metres of junction,unset,\,,Daylight: street lights present,Fine (without high winds),Dry,None,None,No overtaking,326130,672800,532717,Junction,Cyclist,361743,unset,EH89LS,No crossing facility within 50m or physical crossing facility not controlled by authorised person,No physical crossing facility within 50m,Elsewhere
749710,,Slight,2,1,13/10/2010,Wednesday,13,October,10,0,40,230,C,,Single carriageway - 2 lanes,30,Not at or within 20 metres of junction,unset,\,,Darkness: street lights present and lit,Fine (without high winds),Dry,None,None,No overtaking,326470,671880,563092,Segment,Cyclist,361744,unset,EH91SX,No crossing facility within 50m or physical crossing facility not controlled by authorised person,No physical crossing facility within 50m,At scene
751910,,Slight,2,1,14/10/2010,Thursday,14,October,10,7,0,230,A,8,Dual carriageway - 2 lanes,40,Not at or within 20 metres of junction,unset,\,,Daylight: street lights present,Fine (without high winds),Dry,None,None,No overtaking,312600,672690,550791,Segment,T.V.N.P.,361745,unset,EH288SY,No crossing facility within 50m or physical crossing facility not controlled by authorised person,No physical crossing facility within 50m,At scene
752110,,Slight,2,1,14/10/2010,Thursday,14,October,10,7,30,230,Unclassified,,Single carriageway - 2 lanes,30,Not at or within 20 metres of junction,unset,\,,Daylight: no street lighting,Fine (without high winds),Dry,None,None,No overtaking,328940,669520,12219685,Segment,T.V.N.P.,361746,unset,EH177EU,No crossing facility within 50m or physical crossing facility not controlled by authorised person,No physical crossing facility within 50m,At scene
752210,,Slight,2,1,13/10/2010,Wednesday,13,October,10,13,0,230,A,6106,Single carriageway - 2 lanes,30,Roundabout,Give way sign or markings,A,1,Daylight: street lights present,Fine (without high winds),Dry,None,None,No overtaking,330350,672820,12225153,Junction,Cyclist,361747,unset,EH153AS,Control by other authorised person,Pedestrian phase at traffic signal junction,At scene
753210,,Slight,2,1,14/10/2010,Thursday,14,October,10,19,45,230,C,,Single carriageway - 2 lanes,30,'T' or staggered junction,Give way sign or markings,Unclassified,,Darkness: street lights present and lit,Fine (without high winds),Dry,None,None,No overtaking,328570,672700,523701,Junction,T.V.N.P.,361748,unset,EH153PX,No crossing facility within 50m or physical crossing facility not controlled by authorised person,No physical crossing facility within 50m,At scene
754610,,Slight,2,1,14/10/2010,Thursday,14,October,10,16,50,230,C,,Single carriageway - 2 lanes,30,'T' or staggered junction,Give way sign or markings,Unclassified,,Daylight: street lights present,Fine (without high winds),Dry,None,None,No overtaking,326890,670680,529870,Junction,Cyclist,361749,unset,EH93JF,No crossing facility within 50m or physical crossing facility not controlled by authorised person,No physical crossing facility within 50m,Elsewhere
754710,,Slight,2,1,15/10/2010,Friday,15,October,10,16,40,230,Unclassified,,Single carriageway - 2 lanes,30,'T' or staggered junction,Give way sign or markings,A,902,Daylight: street lights present,Fine (without high winds),Dry,None,None,No overtaking,322740,675470,0,Unset,Cyclist,361750,unset,EH42PS,No crossing facility within 50m or physical crossing facility not controlled by authorised person,No physical crossing facility within 50m,Elsewhere
754810,,Slight,2,1,15/10/2010,Friday,15,October,10,15,7,230,A,900,Dual carriageway - 2 lanes,30,Not at or within 20 metres of junction,unset,\,,Daylight: street lights present,Fine (without high winds),Dry,None,None,No overtaking,326050,674410,558575,Segment,T.V.N.P.,361751,unset,EH13JT,Control by other authorised person,Pedestrian phase at traffic signal junction,Elsewhere
755810,,Slight,2,1,15/10/2010,Friday,15,October,10,20,40,230,A,199,Single carriageway - 2 lanes,30,Not at or within 20 metres of junction,unset,\,,Darkness: no street lighting,Fine (without high winds),Dry,None,None,No overtaking,329170,675580,563287,Segment,Cyclist,361752,unset,EH151TB,No crossing facility within 50m or physical crossing facility not controlled by authorised person,No physical crossing facility within 50m,Elsewhere
756010,,Slight,1,1,15/10/2010,Friday,15,October,10,12,40,230,C,,Single carriageway - 2 lanes,30,Not at or within 20 metres of junction,unset,\,,Daylight: street lights present,Fine (without high winds),Dry,None,None,No overtaking,324900,672750,554759,Segment,Pedestrian,361753,unset,EH39NB,Control by other authorised person,Central refuge - no other controls,Elsewhere
758210,,Slight,2,1,16/10/2010,Saturday,16,October,10,1,7,230,Unclassified,,Single carriageway - 2 lanes,40,Not at or within 20 metres of junction,unset,\,,Daylight: street lights present,Fine (without high winds),Dry,None,None,No overtaking,329970,674280,554057,Segment,T.V.N.P.,361754,unset,EH76XD,No crossing facility within 50m or physical crossing facility not controlled by authorised person,No physical crossing facility within 50m,At scene
759010,,Slight,1,1,17/10/2010,Sunday,17,October,10,11,20,230,Unclassified,,Single carriageway - 2 lanes,30,Not at or within 20 metres of junction,unset,\,,Daylight: street lights present,Fine (without high winds),Dry,None,None,No overtaking,318610,670940,0,Unset,S.V.N.P.,361755,unset,EH114DW,No crossing facility within 50m or physical crossing facility not controlled by authorised person,No physical crossing facility within 50m,At scene
759110,,Serious,1,1,17/10/2010,Sunday,17,October,10,1,45,230,C,,Single carriageway - 2 lanes,30,'T' or staggered junction,Automatic Traffic Signal,Unclassified,,Darkness: street lights present and lit,Fine (without high winds),Dry,None,None,No overtaking,324750,673010,521433,Junction,Pedestrian,361756,unset,EH39PU,Control by other authorised person,Pedestrian phase at traffic signal junction,At scene
759310,,Slight,2,4,18/10/2010,Monday,18,October,10,3,14,230,A,8,Single carriageway - 2 lanes,30,'T' or staggered junction,Give way sign or markings,Unclassified,,Darkness: street lights present and lit,Fine (without high winds),Dry,None,None,No overtaking,322610,673210,521277,Junction,T.V.N.P.,361757,unset,EH126DE,No crossing facility within 50m or physical crossing facility not controlled by authorised person,No physical crossing facility within 50m,At scene
760010,,Slight,2,1,17/10/2010,Sunday,17,October,10,20,15,230,A,720,Dual carriageway - 2 lanes,70,Not at or within 20 metres of junction,unset,\,,Darkness: street lights present and lit,Fine (without high winds),Dry,None,None,No overtaking,319870,669450,2578907,Segment,T.V.N.P.,361758,unset,EH143BT,No crossing facility within 50m or physical crossing facility not controlled by authorised person,No physical crossing facility within 50m,At scene
760810,,Slight,1,3,16/10/2010,Saturday,16,October,10,14,20,230,B,1350,Single carriageway - 2 lanes,30,Not at or within 20 metres of junction,unset,\,,Daylight: street lights present,Fine (without high winds),Dry,None,None,No overtaking,326860,674470,557686,Segment,Bus,361759,unset,EH75EJ,No crossing facility within 50m or physical crossing facility not controlled by authorised person,No physical crossing facility within 50m,At scene
762510,,Slight,1,1,18/10/2010,Monday,18,October,10,15,59,230,C,,Single carriageway - 2 lanes,30,Not at or within 20 metres of junction,unset,\,,Daylight: no street lighting,Fine (without high winds),Dry,None,None,No overtaking,325030,674380,566423,Segment,Pedestrian,361760,unset,EH36TF,No crossing facility within 50m or physical crossing facility not controlled by authorised person,No physical crossing facility within 50m,At scene
762710,,Slight,2,1,19/10/2010,Tuesday,19,October,10,9,0,230,Unclassified,,Single carriageway - 2 lanes,30,Crossroads,Give way sign or markings,Unclassified,,Daylight: street lighting unknown,Fine (without high winds),Dry,None,None,No overtaking,325560,671710,529444,Junction,Cyclist,361761,unset,EH92DP,Control by other authorised person,Central refuge - no other controls,Elsewhere
763010,,Slight,2,1,18/10/2010,Monday,18,October,10,21,52,230,Unclassified,,Single carriageway - 2 lanes,30,'T' or staggered junction,Give way sign or markings,A,702,Daylight: no street lighting,Fine (without high winds),Dry,None,None,No overtaking,324860,672480,533317,Junction,Cyclist,361762,unset,EH104EX,Control by other authorised person,Pedestrian phase at traffic signal junction,At scene
763210,,Slight,1,1,19/10/2010,Tuesday,19,October,10,8,54,230,A,8,Dual carriageway - 2 lanes,20,Not at or within 20 metres of junction,unset,\,,Daylight: no street lighting,Fine (without high winds),Dry,None,None,No overtaking,325500,673910,551196,Segment,Bus,361763,unset,EH22DF,No crossing facility within 50m or physical crossing facility not controlled by authorised person,Pedestrian phase at traffic signal junction,At scene
765010,,Slight,1,1,19/10/2010,Tuesday,19,October,10,23,30,230,A,700,Single carriageway - 2 lanes,30,Not at or within 20 metres of junction,unset,\,,Darkness: street lights present and lit,Fine (without high winds),Dry,None,None,No overtaking,325000,672900,559610,Segment,Pedestrian,361764,unset,EH39JH,No crossing facility within 50m or physical crossing facility not controlled by authorised person,No physical crossing facility within 50m,At scene
765310,,Slight,2,1,20/10/2010,Wednesday,20,October,10,8,40,230,C,,Roundabout,30,Roundabout,Give way sign or markings,C,,Daylight: street lights present,Fine (without high winds),Dry,None,None,No overtaking,325990,674370,520602,Junction,Cyclist,361765,unset,EH13JT,Control by other authorised person,"Pelican, puffin, toucan or similar non-junction pedestrian light crossing",At scene
765510,,Slight,3,2,20/10/2010,Wednesday,20,October,10,8,30,230,C,,Single carriageway - 2 lanes,30,Not at or within 20 metres of junction,unset,\,,Daylight: street lights present,Fine (without high winds),Dry,None,None,No overtaking,324970,674100,566753,Segment,M.V.N.P.,361766,unset,EH23NS,No crossing facility within 50m or physical crossing facility not controlled by authorised person,No physical crossing facility within 50m,At scene
767810,,Slight,1,2,20/10/2010,Wednesday,20,October,10,12,0,230,Unclassified,,Single carriageway - 2 lanes,30,Not at or within 20 metres of junction,unset,\,,Daylight: street lights present,Fine (without high winds),Dry,None,None,No overtaking,322860,675640,563670,Segment,Pedestrian,361767,unset,EH42PP,No crossing facility within 50m or physical crossing facility not controlled by authorised person,No physical crossing facility within 50m,Elsewhere
768210,,Slight,2,1,21/10/2010,Thursday,21,October,10,13,45,230,C,,Single carriageway - 2 lanes,30,'T' or staggered junction,Give way sign or markings,Unclassified,,Daylight: street lights present,Fine (without high winds),Dry,None,None,No overtaking,327450,675770,519523,Junction,T.V.N.P.,361768,unset,EH67ES,No crossing facility within 50m or physical crossing facility not controlled by authorised person,No physical crossing facility within 50m,Elsewhere
769010,,Slight,2,1,21/10/2010,Thursday,21,October,10,10,55,230,C,,Single carriageway - 2 lanes,30,Other junction,Automatic Traffic Signal,Unclassified,,Daylight: street lights present,Fine (without high winds),Dry,None,None,No overtaking,324390,672520,522336,Junction,T.V.N.P.,361769,unset,EH39PG,No crossing facility within 50m or physical crossing facility not controlled by authorised person,No physical crossing facility within 50m,At scene
769110,,Slight,1,1,21/10/2010,Thursday,21,October,10,20,10,230,A,7,Single carriageway - 2 lanes,30,Crossroads,Automatic Traffic Signal,Unclassified,,Darkness: street lights present and lit,Fine (without high winds),Dry,None,None,No overtaking,326130,673100,521568,Junction,Bus,361770,unset,EH89BZ,No crossing facility within 50m or physical crossing facility not controlled by authorised person,No physical crossing facility within 50m,At scene
769310,,Serious,1,1,22/10/2010,Friday,22,October,10,3,15,230,C,,Single carriageway - 2 lanes,30,Crossroads,Automatic Traffic Signal,B,901,Darkness: street lights present and lit,Raining (without high winds),Dry,None,None,No overtaking,325920,674380,520605,Junction,Pedestrian,361771,unset,EH13JG,Control by other authorised person,Pedestrian phase at traffic signal junction,At scene
769410,,Slight,2,1,22/10/2010,Friday,22,October,10,2,15,230,B,901,Single carriageway - 2 lanes,30,'T' or staggered junction,Give way sign or markings,Unclassified,,Darkness: street lights present and lit,Raining (without high winds),Dry,None,None,No overtaking,325810,674560,520194,Junction,Cyclist,361772,unset,EH13SB,Control by other authorised person,Pedestrian phase at traffic signal junction,At scene
770010,,Slight,1,1,20/10/2010,Wednesday,20,October,10,8,25,230,Unclassified,,Single carriageway - 2 lanes,30,Other junction,Give way sign or markings,Unclassified,,Daylight: street lights present,Fine (without high winds),Dry,None,None,No overtaking,324370,669990,532888,Junction,S.V.N.P.,361773,unset,EH106LG,No crossing facility within 50m or physical crossing facility not controlled by authorised person,No physical crossing facility within 50m,At scene
770810,,Slight,2,1,22/10/2010,Friday,22,October,10,7,15,230,A,90,Dual carriageway - 2 lanes,70,Not at or within 20 metres of junction,unset,\,,Darkness: no street lighting,Raining (without high winds),Dry,None,None,No overtaking,317670,675680,555435,Segment,T.V.N.P.,361774,unset,EH46DT,No crossing facility within 50m or physical crossing facility not controlled by authorised person,No physical crossing facility within 50m,At scene